date,country,state,city,ibgeID,newCases,totalCases,last_update
2020-03-24,Brazil,TOTAL,TOTAL,27,311,2272,2020-03-26 15:52:09.506563
2020-03-24,Brazil,RJ,Duque de Caxias/RJ,3301702,1,1,2020-03-26 15:52:09.506563
2020-03-24,Brazil,SC,Joinville/SC,4209102,0,4,2020-03-26 15:52:09.506563
2020-03-24,Brazil,RN,Natal/RN,2408102,0,9,2020-03-26 15:52:09.506563
2020-03-24,Brazil,GO,Rio Verde/GO,5218805,0,5,2020-03-26 15:52:09.506563
2020-03-24,Brazil,MG,Ipatinga/MG,3131307,0,1,2020-03-26 15:52:09.506563
2020-03-24,Brazil,SP,Ferraz de Vasconcelos/SP,3515707,0,1,2020-03-26 15:52:09.506563
2020-03-24,Brazil,PR,Cianorte/PR,4105508,0,6,2020-03-26 15:52:09.506563
2020-03-24,Brazil,RS,Caxias do Sul/RS,4305108,0,2,2020-03-26 15:52:09.506563
2020-03-24,Brazil,PE,Recife/PE,2611606,0,30,2020-03-26 15:52:09.506563
2020-03-24,Brazil,RS,Campo Bom/RS,4303905,0,2,2020-03-26 15:52:09.506563
2020-03-24,Brazil,MG,Divinópolis/MG,3122306,0,1,2020-03-26 15:52:09.506563
2020-03-24,Brazil,SP,Santana de Parnaíba/SP,3547304,0,2,2020-03-26 15:52:09.506563
2020-03-24,Brazil,RJ,Barra Mansa/RJ,3300407,0,1,2020-03-26 15:52:09.506563
2020-03-24,Brazil,MT,Nova Monte Verde/MT,5108956,1,1,2020-03-26 15:52:09.506563
2020-03-24,Brazil,RS,Paraí/RS,4314001,1,1,2020-03-26 15:52:09.506563
2020-03-24,Brazil,RS,Camaquã/RS,4303509,1,1,2020-03-26 15:52:09.506563
2020-03-24,Brazil,RS,Anta Gorda/RS,4300703,1,1,2020-03-26 15:52:09.506563
2020-03-24,Brazil,ES,FORA DO ESTADO/ES,32,1,1,2020-03-26 15:52:09.506563
2020-03-24,Brazil,CE,Mauriti/CE,2308104,1,1,2020-03-26 15:52:09.506563
2020-03-24,Brazil,SC,Tijucas/SC,4218004,1,1,2020-03-26 15:52:09.506563
2020-03-24,Brazil,SC,São Ludgero/SC,4217006,1,1,2020-03-26 15:52:09.506563
2020-03-24,Brazil,SC,Laguna/SC,4209409,1,1,2020-03-26 15:52:09.506563
2020-03-24,Brazil,SC,Camboriú/SC,4203204,2,2,2020-03-26 15:52:09.506563
2020-03-24,Brazil,SC,FORA DO ESTADO/SC,42,5,5,2020-03-26 15:52:09.506563
2020-03-24,Brazil,SC,Rancho Queimado/SC,4214300,0,2,2020-03-26 15:52:09.506563
2020-03-24,Brazil,PE,ESTRANGEIRO/PE,26,0,3,2020-03-26 15:52:09.506563
2020-03-24,Brazil,MG,Juiz de Fora/MG,3136702,0,8,2020-03-26 15:52:09.506563
2020-03-24,Brazil,SP,Santo André/SP,3547809,0,12,2020-03-26 15:52:09.506563
2020-03-24,Brazil,GO,Aparecida de Goiânia/GO,5201405,0,2,2020-03-26 15:52:09.506563
2020-03-24,Brazil,GO,Jataí/GO,5211909,0,1,2020-03-26 15:52:09.506563
2020-03-24,Brazil,TO,Palmas/TO,1721000,0,7,2020-03-26 15:52:09.506563
2020-03-24,Brazil,MT,Rondonópolis/MT,5107602,0,2,2020-03-26 15:52:09.506563
2020-03-24,Brazil,PR,Londrina/PR,4113700,0,3,2020-03-26 15:52:09.506563
2020-03-24,Brazil,PR,Pinhais/PR,4119152,0,2,2020-03-26 15:52:09.506563
2020-03-24,Brazil,PR,Campo Largo/PR,4104204,0,1,2020-03-26 15:52:09.506563
2020-03-24,Brazil,MG,Uberlândia/MG,3170206,0,7,2020-03-26 15:52:09.506563
2020-03-24,Brazil,MG,Sete Lagoas/MG,3167202,0,2,2020-03-26 15:52:09.506563
2020-03-24,Brazil,MG,Nova Lima/MG,3144805,0,7,2020-03-26 15:52:09.506563
2020-03-24,Brazil,BA,Prado/BA,2925501,0,2,2020-03-26 15:52:09.506563
2020-03-24,Brazil,MG,Patrocínio/MG,3148103,0,1,2020-03-26 15:52:09.506563
2020-03-24,Brazil,PE,Jaboatão dos Guararapes/PE,2607901,0,3,2020-03-26 15:52:09.506563
2020-03-24,Brazil,PE,Belo Jardim/PE,2601706,0,1,2020-03-26 15:52:09.506563
2020-03-24,Brazil,BA,Porto Seguro/BA,2925303,0,8,2020-03-26 15:52:09.506563
2020-03-24,Brazil,CE,Aquiraz/CE,2301000,0,6,2020-03-26 15:52:09.506563
2020-03-24,Brazil,SP,Mauá/SP,3529401,0,2,2020-03-26 15:52:09.506563
2020-03-24,Brazil,MG,Coronel Fabriciano/MG,3119401,0,1,2020-03-26 15:52:09.506563
2020-03-24,Brazil,SP,São Caetano do Sul/SP,3548807,0,4,2020-03-26 15:52:09.506563
2020-03-24,Brazil,SP,São Bernardo do Campo/SP,3548708,0,4,2020-03-26 15:52:09.506563
2020-03-24,Brazil,SC,Braço do Norte/SC,4202800,0,9,2020-03-26 15:52:09.506563
2020-03-24,Brazil,SP,Carapicuíba/SP,3510609,0,2,2020-03-26 15:52:09.506563
2020-03-24,Brazil,RS,Garibaldi/RS,4308607,1,1,2020-03-26 15:52:09.506563
2020-03-24,Brazil,RJ,Campos dos Goytacazes/RJ,3301009,1,1,2020-03-26 15:52:09.506563
2020-03-24,Brazil,PR,Foz do Iguaçu/PR,4108304,0,4,2020-03-26 15:52:09.506563
2020-03-24,Brazil,RJ,Volta Redonda/RJ,3306305,4,4,2020-03-26 15:52:09.506563
2020-03-24,Brazil,PB,João Pessoa/PB,2507507,1,2,2020-03-26 15:52:09.506563
2020-03-24,Brazil,SC,Balneário Camboriú/SC,4202008,1,7,2020-03-26 15:52:09.506563
2020-03-24,Brazil,AC,Rio Branco/AC,1200401,4,21,2020-03-26 15:52:09.506563
2020-03-24,Brazil,GO,Anápolis/GO,5201108,1,3,2020-03-26 15:52:09.506563
2020-03-24,Brazil,MG,Belo Horizonte/MG,3106200,2,89,2020-03-26 15:52:09.506563
2020-03-24,Brazil,CE,Fortaleza/CE,2304400,19,170,2020-03-26 15:52:09.506563
2020-03-24,Brazil,ES,Vitória/ES,3205309,1,15,2020-03-26 15:52:09.506563
2020-03-24,Brazil,ES,Linhares/ES,3203205,1,3,2020-03-26 15:52:09.506563
2020-03-24,Brazil,SE,Aracaju/SE,2800308,5,12,2020-03-26 15:52:09.506563
2020-03-24,Brazil,MS,Campo Grande/MS,5002704,3,22,2020-03-26 15:52:09.506563
2020-03-24,Brazil,AM,Manaus/AM,1302603,14,45,2020-03-26 15:52:09.506563
2020-03-24,Brazil,BA,Salvador/BA,2927408,11,48,2020-03-26 15:52:09.506563
2020-03-24,Brazil,GO,Goiânia/GO,5208707,3,15,2020-03-26 15:52:09.506563
2020-03-24,Brazil,SC,Florianópolis/SC,4205407,1,16,2020-03-26 15:52:09.506563
2020-03-24,Brazil,PR,Curitiba/PR,4106902,6,40,2020-03-26 15:52:09.506563
2020-03-24,Brazil,RS,Porto Alegre/RS,4314902,7,48,2020-03-26 15:52:09.506563
2020-03-24,Brazil,RJ,Niterói/RJ,3303302,2,12,2020-03-26 15:52:09.506563
2020-03-24,Brazil,AL,Maceió/AL,2704302,2,9,2020-03-26 15:52:09.506563
2020-03-24,Brazil,DF,Brasília/DF,5300108,31,177,2020-03-26 15:52:09.506563
2020-03-24,Brazil,RJ,Rio de Janeiro/RJ,3304557,64,276,2020-03-26 15:52:09.506563
2020-03-24,Brazil,BA,Feira de Santana/BA,2910800,2,8,2020-03-26 15:52:09.506563
2020-03-24,Brazil,ES,Vila Velha/ES,3205200,4,17,2020-03-26 15:52:09.506563
2020-03-24,Brazil,SP,São Paulo/SP,3550308,23,710,2020-03-26 15:52:09.506563
2020-03-24,Brazil,SP,Guarulhos/SP,3518800,4,5,2020-03-26 15:52:09.506563
2020-03-24,Brazil,SC,Tubarão/SC,4218707,2,8,2020-03-26 15:52:09.506563
2020-03-24,Brazil,CE,Sobral/CE,2312908,1,4,2020-03-26 15:52:09.506563
2020-03-24,Brazil,RS,Lajeado/RS,4311403,2,5,2020-03-26 15:52:09.506563
2020-03-24,Brazil,SP,ESTRANGEIRO/SP,35,33,33,2020-03-26 15:52:09.506563
2020-03-24,Brazil,PR,Paranavaí/PR,4118402,1,1,2020-03-26 15:52:09.506563
2020-03-24,Brazil,PR,Telêmaco Borba/PR,4127106,1,1,2020-03-26 15:52:09.506563
2020-03-24,Brazil,BA,Teixeira de Freitas/BA,2931350,1,1,2020-03-26 15:52:09.506563
2020-03-24,Brazil,BA,Conde/BA,2908606,1,1,2020-03-26 15:52:09.506563
2020-03-24,Brazil,PR,Cascavel/PR,4104808,1,2,2020-03-26 15:52:09.506563
2020-03-24,Brazil,RS,Capão da Canoa/RS,4304630,1,2,2020-03-26 15:52:09.506563
2020-03-24,Brazil,BA,Juazeiro/BA,2918407,1,2,2020-03-26 15:52:09.506563
2020-03-24,Brazil,SP,FORA DO ESTADO/SP,35,5,10,2020-03-26 15:52:09.506563
2020-03-24,Brazil,AM,Parintins/AM,1303403,1,2,2020-03-26 15:52:09.506563
2020-03-24,Brazil,RR,Boa Vista/RR,1400100,6,8,2020-03-26 15:52:09.506563
2020-03-24,Brazil,RS,Serafina Corrêa/RS,4320404,1,3,2020-03-26 15:52:09.506563
2020-03-24,Brazil,RO,Porto Velho/RO,1100205,2,4,2020-03-26 15:52:09.506563
2020-03-24,Brazil,SC,Jaguaruna/SC,4208807,1,2,2020-03-26 15:52:09.506563
2020-03-24,Brazil,RN,Parnamirim/RN,2403251,1,4,2020-03-26 15:52:09.506563
2020-03-24,Brazil,RS,Canoas/RS,4304606,1,6,2020-03-26 15:52:09.506563
2020-03-24,Brazil,SC,Imbituba/SC,4207304,2,4,2020-03-26 15:52:09.506563
2020-03-24,Brazil,SC,Navegantes/SC,4211306,2,3,2020-03-26 15:52:09.506563
2020-03-24,Brazil,SC,Itajaí/SC,4208203,3,10,2020-03-26 15:52:09.506563
2020-03-24,Brazil,PI,Teresina/PI,2211001,2,8,2020-03-26 15:52:09.506563
2020-03-24,Brazil,SC,São José/SC,4216602,1,5,2020-03-26 15:52:09.506563
2020-03-24,Brazil,RS,Torres/RS,4321501,1,4,2020-03-26 15:52:09.506563
2020-03-24,Brazil,PR,Maringá/PR,4115200,0,1,2020-03-26 15:52:09.506563
2020-03-24,Brazil,GO,Valparaíso de Goiás/GO,5221858,2,2,2020-03-26 15:52:09.506563
2020-03-24,Brazil,PA,Belém/PA,1501402,0,4,2020-03-26 15:52:09.506563
2020-03-24,Brazil,RJ,São Gonçalo/RJ,3304904,0,3,2020-03-26 15:52:09.506563
2020-03-24,Brazil,SP,Jundiaí/SP,3525904,0,1,2020-03-26 15:52:09.506563
2020-03-24,Brazil,SP,Iracemápolis/SP,3521408,0,1,2020-03-26 15:52:09.506563
2020-03-24,Brazil,RS,Osório/RS,4313508,0,1,2020-03-26 15:52:09.506563
2020-03-24,Brazil,SC,Lages/SC,4209300,0,1,2020-03-26 15:52:09.506563
2020-03-24,Brazil,SC,Blumenau/SC,4202404,0,7,2020-03-26 15:52:09.506563
2020-03-24,Brazil,PR,FORA DO ESTADO/PR,41,0,4,2020-03-26 15:52:09.506563
2020-03-24,Brazil,RS,Santo Antônio da Patrulha/RS,4317608,0,1,2020-03-26 15:52:09.506563
2020-03-24,Brazil,BA,Conceição do Jacuípe/BA,2908507,0,1,2020-03-26 15:52:09.506563
2020-03-24,Brazil,PR,Colombo/PR,4105805,0,1,2020-03-26 15:52:09.506563
2020-03-24,Brazil,PE,Olinda/PE,2609600,0,2,2020-03-26 15:52:09.506563
2020-03-24,Brazil,SP,São Sebastião/SP,3550704,0,2,2020-03-26 15:52:09.506563
2020-03-24,Brazil,BA,Barreiras/BA,2903201,0,1,2020-03-26 15:52:09.506563
2020-03-24,Brazil,RN,Mossoró/RN,2408003,0,1,2020-03-26 15:52:09.506563
2020-03-24,Brazil,RS,Viamão/RS,4323002,0,1,2020-03-26 15:52:09.506563
2020-03-24,Brazil,RS,Santa Maria/RS,4316907,0,2,2020-03-26 15:52:09.506563
2020-03-24,Brazil,RS,Estrela/RS,4307807,0,1,2020-03-26 15:52:09.506563
2020-03-24,Brazil,RS,Estância Velha/RS,4307609,0,1,2020-03-26 15:52:09.506563
2020-03-24,Brazil,RS,Carlos Barbosa/RS,4304804,0,1,2020-03-26 15:52:09.506563
2020-03-24,Brazil,SE,Nossa Senhora da Glória/SE,2804508,0,1,2020-03-26 15:52:09.506563
2020-03-24,Brazil,MS,Ponta Porã/MS,5006606,0,1,2020-03-26 15:52:09.506563
2020-03-24,Brazil,SP,Caieiras/SP,3509007,0,1,2020-03-26 15:52:09.506563
2020-03-24,Brazil,SP,Poá/SP,3539806,0,1,2020-03-26 15:52:09.506563
2020-03-24,Brazil,SP,Taboão da Serra/SP,3552809,0,1,2020-03-26 15:52:09.506563
2020-03-24,Brazil,SP,Embu/SP,3515004,0,1,2020-03-26 15:52:09.506563
2020-03-24,Brazil,BA,Jequié/BA,2918001,0,1,2020-03-26 15:52:09.506563
2020-03-24,Brazil,MT,Várzea Grande/MT,5108402,0,1,2020-03-26 15:52:09.506563
2020-03-24,Brazil,BA,Brumado/BA,2904605,0,1,2020-03-26 15:52:09.506563
2020-03-24,Brazil,AL,FORA DO ESTADO/AL,27,0,1,2020-03-26 15:52:09.506563
2020-03-24,Brazil,ES,Santa Teresa/ES,3204609,0,1,2020-03-26 15:52:09.506563
2020-03-24,Brazil,ES,Serra/ES,3205002,0,1,2020-03-26 15:52:09.506563
2020-03-24,Brazil,SC,Içara/SC,4207007,0,1,2020-03-26 15:52:09.506563
2020-03-24,Brazil,SC,Gaspar/SC,4205902,0,1,2020-03-26 15:52:09.506563
2020-03-24,Brazil,SE,Propriá/SE,2805703,0,2,2020-03-26 15:52:09.506563
2020-03-24,Brazil,RS,Cruzeiro do Sul/RS,4306205,0,1,2020-03-26 15:52:09.506563
2020-03-24,Brazil,RS,Sapiranga/RS,4319901,0,1,2020-03-26 15:52:09.506563
2020-03-24,Brazil,RS,Santiago/RS,4317400,0,1,2020-03-26 15:52:09.506563
2020-03-24,Brazil,RS,Rio Grande/RS,4315602,0,1,2020-03-26 15:52:09.506563
2020-03-24,Brazil,PB,Igaracy/PB,2502607,0,1,2020-03-26 15:52:09.506563
2020-03-24,Brazil,PA,Marabá/PA,1504208,0,1,2020-03-26 15:52:09.506563
2020-03-24,Brazil,GO,Catalão/GO,5205109,0,1,2020-03-26 15:52:09.506563
2020-03-24,Brazil,PE,Petrolina/PE,2611101,0,1,2020-03-26 15:52:09.506563
2020-03-24,Brazil,PE,Caruaru/PE,2604106,0,1,2020-03-26 15:52:09.506563
2020-03-24,Brazil,PE,FORA DO ESTADO/PE,26,0,1,2020-03-26 15:52:09.506563
2020-03-24,Brazil,CE,FORA DO ESTADO/CE,23,0,2,2020-03-26 15:52:09.506563
2020-03-24,Brazil,MG,Timóteo/MG,3168705,0,1,2020-03-26 15:52:09.506563
2020-03-24,Brazil,MG,Lagoa da Prata/MG,3137205,0,1,2020-03-26 15:52:09.506563
2020-03-24,Brazil,MG,Contagem/MG,3118601,0,2,2020-03-26 15:52:09.506563
2020-03-24,Brazil,MG,Campos Altos/MG,3111507,0,1,2020-03-26 15:52:09.506563
2020-03-24,Brazil,MG,Bom Despacho/MG,3107406,0,1,2020-03-26 15:52:09.506563
2020-03-24,Brazil,MG,Betim/MG,3106705,0,1,2020-03-26 15:52:09.506563
2020-03-24,Brazil,SP,Valinhos/SP,3556206,0,1,2020-03-26 15:52:09.506563
2020-03-24,Brazil,SC,Porto Belo/SC,4213500,0,2,2020-03-26 15:52:09.506563
2020-03-24,Brazil,SC,Gravatal/SC,4206207,0,2,2020-03-26 15:52:09.506563
2020-03-24,Brazil,SC,Jaraguá do Sul/SC,4208906,0,2,2020-03-26 15:52:09.506563
2020-03-24,Brazil,AP,Macapá/AP,1600303,0,1,2020-03-26 15:52:09.506563
2020-03-24,Brazil,CE,Fortim/CE,2304459,0,1,2020-03-26 15:52:09.506563
2020-03-24,Brazil,CE,Juazeiro do Norte/CE,2307304,0,1,2020-03-26 15:52:09.506563
2020-03-24,Brazil,RO,Ji-Paraná/RO,1100122,0,1,2020-03-26 15:52:09.506563
2020-03-24,Brazil,SP,Suzano/SP,3552502,0,1,2020-03-26 15:52:09.506563
2020-03-24,Brazil,SP,Taubaté/SP,3554102,0,1,2020-03-26 15:52:09.506563
2020-03-24,Brazil,RS,Sant'Ana do Livramento/RS,4317103,0,3,2020-03-26 15:52:09.506563
2020-03-24,Brazil,RS,Erechim/RS,4307005,0,3,2020-03-26 15:52:09.506563
2020-03-24,Brazil,RS,Alvorada/RS,4300604,0,2,2020-03-26 15:52:09.506563
2020-03-24,Brazil,RS,Bagé/RS,4301602,0,7,2020-03-26 15:52:09.506563
2020-03-24,Brazil,RJ,Miguel Pereira/RJ,3302908,0,1,2020-03-26 15:52:09.506563
2020-03-24,Brazil,BA,Itabuna/BA,2914802,0,1,2020-03-26 15:52:09.506563
2020-03-24,Brazil,BA,Lauro de Freitas/BA,2919207,0,3,2020-03-26 15:52:09.506563
2020-03-24,Brazil,MS,Sidrolândia/MS,5007901,0,1,2020-03-26 15:52:09.506563
2020-03-24,Brazil,RS,Farroupilha/RS,4307906,0,1,2020-03-26 15:52:09.506563
2020-03-24,Brazil,SC,ESTRANGEIRO/SC,42,0,2,2020-03-26 15:52:09.506563
2020-03-24,Brazil,MG,Uberaba/MG,3170107,0,3,2020-03-26 15:52:09.506563
2020-03-24,Brazil,SP,Cotia/SP,3513009,0,2,2020-03-26 15:52:09.506563
2020-03-24,Brazil,SP,Barueri/SP,3505708,0,1,2020-03-26 15:52:09.506563
2020-03-24,Brazil,SP,Campinas/SP,3509502,0,4,2020-03-26 15:52:09.506563
2020-03-24,Brazil,SP,Jaguariúna/SP,3524709,0,1,2020-03-26 15:52:09.506563
2020-03-24,Brazil,RJ,Guapimirim/RJ,3301850,0,1,2020-03-26 15:52:09.506563
2020-03-24,Brazil,PR,Pato Branco/PR,4118501,0,1,2020-03-26 15:52:09.506563
2020-03-24,Brazil,SC,Pomerode/SC,4213203,0,1,2020-03-26 15:52:09.506563
2020-03-24,Brazil,SP,São José do Rio Preto/SP,3549805,0,1,2020-03-26 15:52:09.506563
2020-03-24,Brazil,SC,Criciúma/SC,4204608,0,9,2020-03-26 15:52:09.506563
2020-03-24,Brazil,ES,Cachoeiro de Itapemirim/ES,3201209,0,1,2020-03-26 15:52:09.506563
2020-03-24,Brazil,SC,Chapecó/SC,4204202,0,2,2020-03-26 15:52:09.506563
2020-03-24,Brazil,MT,Cuiabá/MT,5103403,0,5,2020-03-26 15:52:09.506563
2020-03-24,Brazil,PR,Ponta Grossa/PR,4119905,0,1,2020-03-26 15:52:09.506563
2020-03-24,Brazil,SP,Mogi das Cruzes/SP,3530607,0,1,2020-03-26 15:52:09.506563
2020-03-24,Brazil,SP,Hortolândia/SP,3519071,0,1,2020-03-26 15:52:09.506563
2020-03-24,Brazil,SP,São José dos Campos/SP,3549904,0,2,2020-03-26 15:52:09.506563
2020-03-24,Brazil,SP,Osasco/SP,3534401,0,1,2020-03-26 15:52:09.506563
2020-03-24,Brazil,MG,Poços de Caldas/MG,3151800,0,1,2020-03-26 15:52:09.506563
2020-03-24,Brazil,MG,Mariana/MG,3140001,0,2,2020-03-26 15:52:09.506563
2020-03-24,Brazil,MA,São Luís/MA,2111300,0,8,2020-03-26 15:52:09.506563
2020-03-24,Brazil,RS,Bento Gonçalves/RS,4302105,0,2,2020-03-26 15:52:09.506563
2020-03-24,Brazil,ES,Cariacica/ES,3201308,0,1,2020-03-26 15:52:09.506563
2020-03-24,Brazil,RS,Charqueadas/RS,4305355,0,1,2020-03-26 15:52:09.506563
2020-03-24,Brazil,RS,Eldorado do Sul/RS,4306767,0,1,2020-03-26 15:52:09.506563
2020-03-24,Brazil,RJ,Petrópolis/RJ,3303906,0,3,2020-03-26 15:52:09.506563
2020-03-24,Brazil,RS,Ivoti/RS,4310801,0,2,2020-03-26 15:52:09.506563
2020-03-24,Brazil,BA,Camaçari/BA,2905701,0,1,2020-03-26 15:52:09.506563
2020-03-24,Brazil,RS,São Leopoldo/RS,4318705,0,1,2020-03-26 15:52:09.506563
2020-03-24,Brazil,RS,Taquara/RS,4321204,0,1,2020-03-26 15:52:09.506563
2020-03-24,Brazil,RS,Dois Irmãos/RS,4306403,0,1,2020-03-26 15:52:09.506563
2020-03-24,Brazil,PR,Guaíra/PR,4108809,0,1,2020-03-26 15:52:09.506563
2020-03-23,Brazil,SC,Porto Belo/SC,4213500,2,2,2020-03-26 15:52:09.506563
2020-03-23,Brazil,RS,Capão da Canoa/RS,4304630,1,1,2020-03-26 15:52:09.506563
2020-03-23,Brazil,PE,Petrolina/PE,2611101,1,1,2020-03-26 15:52:09.506563
2020-03-23,Brazil,RS,Cruzeiro do Sul/RS,4306205,1,1,2020-03-26 15:52:09.506563
2020-03-23,Brazil,RS,Sapiranga/RS,4319901,1,1,2020-03-26 15:52:09.506563
2020-03-23,Brazil,RS,Santiago/RS,4317400,1,1,2020-03-26 15:52:09.506563
2020-03-23,Brazil,RS,Rio Grande/RS,4315602,1,1,2020-03-26 15:52:09.506563
2020-03-23,Brazil,PB,Igaracy/PB,2502607,1,1,2020-03-26 15:52:09.506563
2020-03-23,Brazil,PA,Marabá/PA,1504208,1,1,2020-03-26 15:52:09.506563
2020-03-23,Brazil,GO,Catalão/GO,5205109,1,1,2020-03-26 15:52:09.506563
2020-03-23,Brazil,MG,Timóteo/MG,3168705,1,1,2020-03-26 15:52:09.506563
2020-03-23,Brazil,PE,Caruaru/PE,2604106,1,1,2020-03-26 15:52:09.506563
2020-03-23,Brazil,PE,FORA DO ESTADO/PE,26,1,1,2020-03-26 15:52:09.506563
2020-03-23,Brazil,CE,FORA DO ESTADO/CE,23,2,2,2020-03-26 15:52:09.506563
2020-03-23,Brazil,MG,Lagoa da Prata/MG,3137205,1,1,2020-03-26 15:52:09.506563
2020-03-23,Brazil,MG,Contagem/MG,3118601,2,2,2020-03-26 15:52:09.506563
2020-03-23,Brazil,MG,Campos Altos/MG,3111507,1,1,2020-03-26 15:52:09.506563
2020-03-23,Brazil,MG,Bom Despacho/MG,3107406,1,1,2020-03-26 15:52:09.506563
2020-03-23,Brazil,MG,Betim/MG,3106705,1,1,2020-03-26 15:52:09.506563
2020-03-23,Brazil,BA,Brumado/BA,2904605,1,1,2020-03-26 15:52:09.506563
2020-03-23,Brazil,BA,Jequié/BA,2918001,1,1,2020-03-26 15:52:09.506563
2020-03-23,Brazil,SC,Gaspar/SC,4205902,1,1,2020-03-26 15:52:09.506563
2020-03-23,Brazil,RS,Campo Bom/RS,4303905,0,2,2020-03-26 15:52:09.506563
2020-03-23,Brazil,SC,Içara/SC,4207007,1,1,2020-03-26 15:52:09.506563
2020-03-23,Brazil,MG,Ipatinga/MG,3131307,0,1,2020-03-26 15:52:09.506563
2020-03-23,Brazil,SE,Aracaju/SE,2800308,0,7,2020-03-26 15:52:09.506563
2020-03-23,Brazil,RJ,São Gonçalo/RJ,3304904,3,3,2020-03-26 15:52:09.506563
2020-03-23,Brazil,MG,Patrocínio/MG,3148103,0,1,2020-03-26 15:52:09.506563
2020-03-23,Brazil,MS,Campo Grande/MS,5002704,0,19,2020-03-26 15:52:09.506563
2020-03-23,Brazil,PE,ESTRANGEIRO/PE,26,0,3,2020-03-26 15:52:09.506563
2020-03-23,Brazil,SC,Rancho Queimado/SC,4214300,0,2,2020-03-26 15:52:09.506563
2020-03-23,Brazil,SC,Joinville/SC,4209102,0,4,2020-03-26 15:52:09.506563
2020-03-23,Brazil,RN,Natal/RN,2408102,0,9,2020-03-26 15:52:09.506563
2020-03-23,Brazil,GO,Rio Verde/GO,5218805,0,5,2020-03-26 15:52:09.506563
2020-03-23,Brazil,SP,Ferraz de Vasconcelos/SP,3515707,0,1,2020-03-26 15:52:09.506563
2020-03-23,Brazil,PR,Cascavel/PR,4104808,1,1,2020-03-26 15:52:09.506563
2020-03-23,Brazil,RS,Caxias do Sul/RS,4305108,0,2,2020-03-26 15:52:09.506563
2020-03-23,Brazil,RJ,Niterói/RJ,3303302,0,10,2020-03-26 15:52:09.506563
2020-03-23,Brazil,MG,Divinópolis/MG,3122306,0,1,2020-03-26 15:52:09.506563
2020-03-23,Brazil,SP,Santana de Parnaíba/SP,3547304,0,2,2020-03-26 15:52:09.506563
2020-03-23,Brazil,AL,Maceió/AL,2704302,0,7,2020-03-26 15:52:09.506563
2020-03-23,Brazil,RJ,Barra Mansa/RJ,3300407,0,1,2020-03-26 15:52:09.506563
2020-03-23,Brazil,AL,FORA DO ESTADO/AL,27,1,1,2020-03-26 15:52:09.506563
2020-03-23,Brazil,ES,Santa Teresa/ES,3204609,1,1,2020-03-26 15:52:09.506563
2020-03-23,Brazil,ES,Serra/ES,3205002,1,1,2020-03-26 15:52:09.506563
2020-03-23,Brazil,BA,Juazeiro/BA,2918407,1,1,2020-03-26 15:52:09.506563
2020-03-23,Brazil,MG,Sete Lagoas/MG,3167202,1,2,2020-03-26 15:52:09.506563
2020-03-23,Brazil,SP,Embu/SP,3515004,1,1,2020-03-26 15:52:09.506563
2020-03-23,Brazil,GO,Goiânia/GO,5208707,1,12,2020-03-26 15:52:09.506563
2020-03-23,Brazil,BA,Porto Seguro/BA,2925303,1,8,2020-03-26 15:52:09.506563
2020-03-23,Brazil,MG,Belo Horizonte/MG,3106200,27,87,2020-03-26 15:52:09.506563
2020-03-23,Brazil,CE,Aquiraz/CE,2301000,1,6,2020-03-26 15:52:09.506563
2020-03-23,Brazil,CE,Fortaleza/CE,2304400,34,151,2020-03-26 15:52:09.506563
2020-03-23,Brazil,SC,Braço do Norte/SC,4202800,2,9,2020-03-26 15:52:09.506563
2020-03-23,Brazil,ES,Vitória/ES,3205309,3,14,2020-03-26 15:52:09.506563
2020-03-23,Brazil,MG,Juiz de Fora/MG,3136702,3,8,2020-03-26 15:52:09.506563
2020-03-23,Brazil,AM,Manaus/AM,1302603,6,31,2020-03-26 15:52:09.506563
2020-03-23,Brazil,BA,Salvador/BA,2927408,4,37,2020-03-26 15:52:09.506563
2020-03-23,Brazil,SC,Florianópolis/SC,4205407,5,15,2020-03-26 15:52:09.506563
2020-03-23,Brazil,MG,Nova Lima/MG,3144805,3,7,2020-03-26 15:52:09.506563
2020-03-23,Brazil,PR,Cianorte/PR,4105508,2,6,2020-03-26 15:52:09.506563
2020-03-23,Brazil,PR,Curitiba/PR,4106902,3,34,2020-03-26 15:52:09.506563
2020-03-23,Brazil,PE,Recife/PE,2611606,1,30,2020-03-26 15:52:09.506563
2020-03-23,Brazil,RS,Porto Alegre/RS,4314902,1,41,2020-03-26 15:52:09.506563
2020-03-23,Brazil,DF,Brasília/DF,5300108,12,146,2020-03-26 15:52:09.506563
2020-03-23,Brazil,RJ,Rio de Janeiro/RJ,3304557,42,212,2020-03-26 15:52:09.506563
2020-03-23,Brazil,ES,Vila Velha/ES,3205200,2,13,2020-03-26 15:52:09.506563
2020-03-23,Brazil,SP,São Paulo/SP,3550308,104,687,2020-03-26 15:52:09.506563
2020-03-23,Brazil,SP,Carapicuíba/SP,3510609,0,2,2020-03-26 15:52:09.506563
2020-03-23,Brazil,AC,Rio Branco/AC,1200401,6,17,2020-03-26 15:52:09.506563
2020-03-23,Brazil,MG,Uberlândia/MG,3170206,3,7,2020-03-26 15:52:09.506563
2020-03-23,Brazil,SP,Jundiaí/SP,3525904,1,1,2020-03-26 15:52:09.506563
2020-03-23,Brazil,MG,Mariana/MG,3140001,1,2,2020-03-26 15:52:09.506563
2020-03-23,Brazil,SP,Iracemápolis/SP,3521408,1,1,2020-03-26 15:52:09.506563
2020-03-23,Brazil,SP,FORA DO ESTADO/SP,35,5,5,2020-03-26 15:52:09.506563
2020-03-23,Brazil,SC,Blumenau/SC,4202404,1,7,2020-03-26 15:52:09.506563
2020-03-23,Brazil,PE,Olinda/PE,2609600,1,2,2020-03-26 15:52:09.506563
2020-03-23,Brazil,SP,São Sebastião/SP,3550704,1,2,2020-03-26 15:52:09.506563
2020-03-23,Brazil,RS,Santa Maria/RS,4316907,1,2,2020-03-26 15:52:09.506563
2020-03-23,Brazil,SC,Gravatal/SC,4206207,1,2,2020-03-26 15:52:09.506563
2020-03-23,Brazil,MT,Cuiabá/MT,5103403,4,5,2020-03-26 15:52:09.506563
2020-03-23,Brazil,SP,São José dos Campos/SP,3549904,1,2,2020-03-26 15:52:09.506563
2020-03-23,Brazil,MA,São Luís/MA,2111300,6,8,2020-03-26 15:52:09.506563
2020-03-23,Brazil,MT,Rondonópolis/MT,5107602,1,2,2020-03-26 15:52:09.506563
2020-03-23,Brazil,RS,Canoas/RS,4304606,2,5,2020-03-26 15:52:09.506563
2020-03-23,Brazil,SC,Criciúma/SC,4204608,2,9,2020-03-26 15:52:09.506563
2020-03-23,Brazil,SC,Jaraguá do Sul/SC,4208906,1,2,2020-03-26 15:52:09.506563
2020-03-23,Brazil,RS,Sant'Ana do Livramento/RS,4317103,1,3,2020-03-26 15:52:09.506563
2020-03-23,Brazil,RS,Bagé/RS,4301602,1,7,2020-03-26 15:52:09.506563
2020-03-23,Brazil,SC,São José/SC,4216602,1,4,2020-03-26 15:52:09.506563
2020-03-23,Brazil,CE,Sobral/CE,2312908,2,3,2020-03-26 15:52:09.506563
2020-03-23,Brazil,SC,Tubarão/SC,4218707,1,6,2020-03-26 15:52:09.506563
2020-03-23,Brazil,TO,Palmas/TO,1721000,2,7,2020-03-26 15:52:09.506563
2020-03-23,Brazil,ES,Linhares/ES,3203205,0,2,2020-03-26 15:52:09.506563
2020-03-23,Brazil,BA,Feira de Santana/BA,2910800,0,6,2020-03-26 15:52:09.506563
2020-03-23,Brazil,SP,São Bernardo do Campo/SP,3548708,0,4,2020-03-26 15:52:09.506563
2020-03-23,Brazil,SC,Pomerode/SC,4213203,0,1,2020-03-26 15:52:09.506563
2020-03-23,Brazil,SC,Jaguaruna/SC,4208807,0,1,2020-03-26 15:52:09.506563
2020-03-23,Brazil,PR,Pato Branco/PR,4118501,0,1,2020-03-26 15:52:09.506563
2020-03-23,Brazil,PR,Ponta Grossa/PR,4119905,0,1,2020-03-26 15:52:09.506563
2020-03-23,Brazil,RS,Bento Gonçalves/RS,4302105,0,2,2020-03-26 15:52:09.506563
2020-03-23,Brazil,SP,Mogi das Cruzes/SP,3530607,0,1,2020-03-26 15:52:09.506563
2020-03-23,Brazil,SP,Hortolândia/SP,3519071,0,1,2020-03-26 15:52:09.506563
2020-03-23,Brazil,SP,Osasco/SP,3534401,0,1,2020-03-26 15:52:09.506563
2020-03-23,Brazil,MG,Poços de Caldas/MG,3151800,0,1,2020-03-26 15:52:09.506563
2020-03-23,Brazil,RN,Parnamirim/RN,2403251,0,3,2020-03-26 15:52:09.506563
2020-03-23,Brazil,ES,Cachoeiro de Itapemirim/ES,3201209,0,1,2020-03-26 15:52:09.506563
2020-03-23,Brazil,ES,Cariacica/ES,3201308,0,1,2020-03-26 15:52:09.506563
2020-03-23,Brazil,RS,Eldorado do Sul/RS,4306767,0,1,2020-03-26 15:52:09.506563
2020-03-23,Brazil,RS,Dois Irmãos/RS,4306403,0,1,2020-03-26 15:52:09.506563
2020-03-23,Brazil,RS,Taquara/RS,4321204,0,1,2020-03-26 15:52:09.506563
2020-03-23,Brazil,RS,São Leopoldo/RS,4318705,0,1,2020-03-26 15:52:09.506563
2020-03-23,Brazil,RS,Charqueadas/RS,4305355,0,1,2020-03-26 15:52:09.506563
2020-03-23,Brazil,RS,Ivoti/RS,4310801,0,2,2020-03-26 15:52:09.506563
2020-03-23,Brazil,RJ,Petrópolis/RJ,3303906,0,3,2020-03-26 15:52:09.506563
2020-03-23,Brazil,BA,Camaçari/BA,2905701,0,1,2020-03-26 15:52:09.506563
2020-03-23,Brazil,PR,Guaíra/PR,4108809,0,1,2020-03-26 15:52:09.506563
2020-03-23,Brazil,SC,Chapecó/SC,4204202,0,2,2020-03-26 15:52:09.506563
2020-03-23,Brazil,MT,Várzea Grande/MT,5108402,0,1,2020-03-26 15:52:09.506563
2020-03-23,Brazil,SP,Valinhos/SP,3556206,0,1,2020-03-26 15:52:09.506563
2020-03-23,Brazil,SP,Taboão da Serra/SP,3552809,0,1,2020-03-26 15:52:09.506563
2020-03-23,Brazil,RN,Mossoró/RN,2408003,0,1,2020-03-26 15:52:09.506563
2020-03-23,Brazil,SP,São Caetano do Sul/SP,3548807,0,4,2020-03-26 15:52:09.506563
2020-03-23,Brazil,TOTAL,TOTAL,4313508,340,1961,2020-03-26 15:52:09.506563
2020-03-23,Brazil,RS,Osório/RS,4313508,0,1,2020-03-26 15:52:09.506563
2020-03-23,Brazil,SC,Lages/SC,4209300,0,1,2020-03-26 15:52:09.506563
2020-03-23,Brazil,PR,FORA DO ESTADO/PR,41,0,4,2020-03-26 15:52:09.506563
2020-03-23,Brazil,RS,Santo Antônio da Patrulha/RS,4317608,0,1,2020-03-26 15:52:09.506563
2020-03-23,Brazil,BA,Conceição do Jacuípe/BA,2908507,0,1,2020-03-26 15:52:09.506563
2020-03-23,Brazil,AM,Parintins/AM,1303403,0,1,2020-03-26 15:52:09.506563
2020-03-23,Brazil,PR,Colombo/PR,4105805,0,1,2020-03-26 15:52:09.506563
2020-03-23,Brazil,RS,Viamão/RS,4323002,0,1,2020-03-26 15:52:09.506563
2020-03-23,Brazil,SP,Poá/SP,3539806,0,1,2020-03-26 15:52:09.506563
2020-03-23,Brazil,RS,Lajeado/RS,4311403,0,3,2020-03-26 15:52:09.506563
2020-03-23,Brazil,RS,Estrela/RS,4307807,0,1,2020-03-26 15:52:09.506563
2020-03-23,Brazil,RS,Estância Velha/RS,4307609,0,1,2020-03-26 15:52:09.506563
2020-03-23,Brazil,RS,Carlos Barbosa/RS,4304804,0,1,2020-03-26 15:52:09.506563
2020-03-23,Brazil,RR,Boa Vista/RR,1400100,0,2,2020-03-26 15:52:09.506563
2020-03-23,Brazil,RO,Porto Velho/RO,1100205,0,2,2020-03-26 15:52:09.506563
2020-03-23,Brazil,SE,Nossa Senhora da Glória/SE,2804508,0,1,2020-03-26 15:52:09.506563
2020-03-23,Brazil,MS,Ponta Porã/MS,5006606,0,1,2020-03-26 15:52:09.506563
2020-03-23,Brazil,SP,Caieiras/SP,3509007,0,1,2020-03-26 15:52:09.506563
2020-03-23,Brazil,SC,Imbituba/SC,4207304,0,2,2020-03-26 15:52:09.506563
2020-03-23,Brazil,BA,Barreiras/BA,2903201,0,1,2020-03-26 15:52:09.506563
2020-03-23,Brazil,SC,Navegantes/SC,4211306,0,1,2020-03-26 15:52:09.506563
2020-03-23,Brazil,GO,Aparecida de Goiânia/GO,5201405,0,2,2020-03-26 15:52:09.506563
2020-03-23,Brazil,SP,Jaguariúna/SP,3524709,0,1,2020-03-26 15:52:09.506563
2020-03-23,Brazil,RJ,Guapimirim/RJ,3301850,0,1,2020-03-26 15:52:09.506563
2020-03-23,Brazil,PB,João Pessoa/PB,2507507,0,1,2020-03-26 15:52:09.506563
2020-03-23,Brazil,SE,Propriá/SE,2805703,0,2,2020-03-26 15:52:09.506563
2020-03-23,Brazil,MG,Coronel Fabriciano/MG,3119401,0,1,2020-03-26 15:52:09.506563
2020-03-23,Brazil,PA,Belém/PA,1501402,0,4,2020-03-26 15:52:09.506563
2020-03-23,Brazil,PR,Foz do Iguaçu/PR,4108304,0,4,2020-03-26 15:52:09.506563
2020-03-23,Brazil,PR,Maringá/PR,4115200,0,1,2020-03-26 15:52:09.506563
2020-03-23,Brazil,SC,Balneário Camboriú/SC,4202008,0,6,2020-03-26 15:52:09.506563
2020-03-23,Brazil,GO,Jataí/GO,5211909,0,1,2020-03-26 15:52:09.506563
2020-03-23,Brazil,SP,Campinas/SP,3509502,0,4,2020-03-26 15:52:09.506563
2020-03-23,Brazil,PR,Londrina/PR,4113700,0,3,2020-03-26 15:52:09.506563
2020-03-23,Brazil,PR,Pinhais/PR,4119152,0,2,2020-03-26 15:52:09.506563
2020-03-23,Brazil,PR,Campo Largo/PR,4104204,0,1,2020-03-26 15:52:09.506563
2020-03-23,Brazil,SP,Santo André/SP,3547809,0,12,2020-03-26 15:52:09.506563
2020-03-23,Brazil,PE,Jaboatão dos Guararapes/PE,2607901,0,3,2020-03-26 15:52:09.506563
2020-03-23,Brazil,PE,Belo Jardim/PE,2601706,0,1,2020-03-26 15:52:09.506563
2020-03-23,Brazil,GO,Anápolis/GO,5201108,0,2,2020-03-26 15:52:09.506563
2020-03-23,Brazil,SP,Mauá/SP,3529401,0,2,2020-03-26 15:52:09.506563
2020-03-23,Brazil,SC,Itajaí/SC,4208203,0,7,2020-03-26 15:52:09.506563
2020-03-23,Brazil,SP,São José do Rio Preto/SP,3549805,0,1,2020-03-26 15:52:09.506563
2020-03-23,Brazil,BA,Prado/BA,2925501,0,2,2020-03-26 15:52:09.506563
2020-03-23,Brazil,SP,Guarulhos/SP,3518800,0,1,2020-03-26 15:52:09.506563
2020-03-23,Brazil,RJ,Miguel Pereira/RJ,3302908,0,1,2020-03-26 15:52:09.506563
2020-03-23,Brazil,AP,Macapá/AP,1600303,0,1,2020-03-26 15:52:09.506563
2020-03-23,Brazil,SP,Barueri/SP,3505708,0,1,2020-03-26 15:52:09.506563
2020-03-23,Brazil,CE,Fortim/CE,2304459,0,1,2020-03-26 15:52:09.506563
2020-03-23,Brazil,CE,Juazeiro do Norte/CE,2307304,0,1,2020-03-26 15:52:09.506563
2020-03-23,Brazil,SP,Suzano/SP,3552502,0,1,2020-03-26 15:52:09.506563
2020-03-23,Brazil,SP,Taubaté/SP,3554102,0,1,2020-03-26 15:52:09.506563
2020-03-23,Brazil,PI,Teresina/PI,2211001,0,6,2020-03-26 15:52:09.506563
2020-03-23,Brazil,RS,Erechim/RS,4307005,0,3,2020-03-26 15:52:09.506563
2020-03-23,Brazil,RS,Alvorada/RS,4300604,0,2,2020-03-26 15:52:09.506563
2020-03-23,Brazil,RO,Ji-Paraná/RO,1100122,0,1,2020-03-26 15:52:09.506563
2020-03-23,Brazil,BA,Itabuna/BA,2914802,0,1,2020-03-26 15:52:09.506563
2020-03-23,Brazil,MG,Uberaba/MG,3170107,0,3,2020-03-26 15:52:09.506563
2020-03-23,Brazil,BA,Lauro de Freitas/BA,2919207,0,3,2020-03-26 15:52:09.506563
2020-03-23,Brazil,MS,Sidrolândia/MS,5007901,0,1,2020-03-26 15:52:09.506563
2020-03-23,Brazil,RS,Farroupilha/RS,4307906,0,1,2020-03-26 15:52:09.506563
2020-03-23,Brazil,SP,Cotia/SP,3513009,0,2,2020-03-26 15:52:09.506563
2020-03-23,Brazil,RS,Torres/RS,4321501,0,3,2020-03-26 15:52:09.506563
2020-03-23,Brazil,RS,Serafina Corrêa/RS,4320404,0,2,2020-03-26 15:52:09.506563
2020-03-23,Brazil,SC,ESTRANGEIRO/SC,42,0,2,2020-03-26 15:52:09.506563
2020-03-22,Brazil,GO,Rio Verde/GO,5218805,0,5,2020-03-26 15:52:09.506563
2020-03-22,Brazil,MG,Ipatinga/MG,3131307,0,1,2020-03-26 15:52:09.506563
2020-03-22,Brazil,SC,Florianópolis/SC,4205407,0,10,2020-03-26 15:52:09.506563
2020-03-22,Brazil,SP,Ferraz de Vasconcelos/SP,3515707,0,1,2020-03-26 15:52:09.506563
2020-03-22,Brazil,PR,Curitiba/PR,4106902,0,31,2020-03-26 15:52:09.506563
2020-03-22,Brazil,RS,Caxias do Sul/RS,4305108,0,2,2020-03-26 15:52:09.506563
2020-03-22,Brazil,RS,Campo Bom/RS,4303905,0,2,2020-03-26 15:52:09.506563
2020-03-22,Brazil,AL,Maceió/AL,2704302,0,7,2020-03-26 15:52:09.506563
2020-03-22,Brazil,RJ,Niterói/RJ,3303302,0,10,2020-03-26 15:52:09.506563
2020-03-22,Brazil,MG,Divinópolis/MG,3122306,0,1,2020-03-26 15:52:09.506563
2020-03-22,Brazil,SP,Santana de Parnaíba/SP,3547304,0,2,2020-03-26 15:52:09.506563
2020-03-22,Brazil,SC,Lages/SC,4209300,1,1,2020-03-26 15:52:09.506563
2020-03-22,Brazil,BA,Feira de Santana/BA,2910800,0,6,2020-03-26 15:52:09.506563
2020-03-22,Brazil,ES,Vila Velha/ES,3205200,0,11,2020-03-26 15:52:09.506563
2020-03-22,Brazil,RJ,Barra Mansa/RJ,3300407,0,1,2020-03-26 15:52:09.506563
2020-03-22,Brazil,SC,Rancho Queimado/SC,4214300,0,2,2020-03-26 15:52:09.506563
2020-03-22,Brazil,RS,Osório/RS,4313508,1,1,2020-03-26 15:52:09.506563
2020-03-22,Brazil,SC,Joinville/SC,4209102,0,4,2020-03-26 15:52:09.506563
2020-03-22,Brazil,MG,Coronel Fabriciano/MG,3119401,0,1,2020-03-26 15:52:09.506563
2020-03-22,Brazil,PE,ESTRANGEIRO/PE,26,0,3,2020-03-26 15:52:09.506563
2020-03-22,Brazil,GO,Anápolis/GO,5201108,0,2,2020-03-26 15:52:09.506563
2020-03-22,Brazil,MG,Sete Lagoas/MG,3167202,0,1,2020-03-26 15:52:09.506563
2020-03-22,Brazil,PR,FORA DO ESTADO/PR,41,4,4,2020-03-26 15:52:09.506563
2020-03-22,Brazil,MG,Nova Lima/MG,3144805,0,4,2020-03-26 15:52:09.506563
2020-03-22,Brazil,AC,Rio Branco/AC,1200401,0,11,2020-03-26 15:52:09.506563
2020-03-22,Brazil,BA,Prado/BA,2925501,0,2,2020-03-26 15:52:09.506563
2020-03-22,Brazil,PE,Jaboatão dos Guararapes/PE,2607901,0,3,2020-03-26 15:52:09.506563
2020-03-22,Brazil,PE,Belo Jardim/PE,2601706,0,1,2020-03-26 15:52:09.506563
2020-03-22,Brazil,SP,Mauá/SP,3529401,0,2,2020-03-26 15:52:09.506563
2020-03-22,Brazil,MG,Juiz de Fora/MG,3136702,0,5,2020-03-26 15:52:09.506563
2020-03-22,Brazil,SP,São Caetano do Sul/SP,3548807,0,4,2020-03-26 15:52:09.506563
2020-03-22,Brazil,SP,São Bernardo do Campo/SP,3548708,0,4,2020-03-26 15:52:09.506563
2020-03-22,Brazil,SP,Carapicuíba/SP,3510609,0,2,2020-03-26 15:52:09.506563
2020-03-22,Brazil,ES,Vitória/ES,3205309,0,11,2020-03-26 15:52:09.506563
2020-03-22,Brazil,ES,Linhares/ES,3203205,0,2,2020-03-26 15:52:09.506563
2020-03-22,Brazil,SE,Aracaju/SE,2800308,0,7,2020-03-26 15:52:09.506563
2020-03-22,Brazil,MG,Patrocínio/MG,3148103,0,1,2020-03-26 15:52:09.506563
2020-03-22,Brazil,SC,Blumenau/SC,4202404,6,6,2020-03-26 15:52:09.506563
2020-03-22,Brazil,SP,Santo André/SP,3547809,6,12,2020-03-26 15:52:09.506563
2020-03-22,Brazil,RS,Santo Antônio da Patrulha/RS,4317608,1,1,2020-03-26 15:52:09.506563
2020-03-22,Brazil,RN,Natal/RN,2408102,3,9,2020-03-26 15:52:09.506563
2020-03-22,Brazil,MG,Belo Horizonte/MG,3106200,27,60,2020-03-26 15:52:09.506563
2020-03-22,Brazil,CE,Aquiraz/CE,2301000,1,5,2020-03-26 15:52:09.506563
2020-03-22,Brazil,CE,Fortaleza/CE,2304400,40,117,2020-03-26 15:52:09.506563
2020-03-22,Brazil,SC,Braço do Norte/SC,4202800,1,7,2020-03-26 15:52:09.506563
2020-03-22,Brazil,MS,Campo Grande/MS,5002704,5,19,2020-03-26 15:52:09.506563
2020-03-22,Brazil,AM,Manaus/AM,1302603,14,25,2020-03-26 15:52:09.506563
2020-03-22,Brazil,BA,Salvador/BA,2927408,10,33,2020-03-26 15:52:09.506563
2020-03-22,Brazil,GO,Goiânia/GO,5208707,1,11,2020-03-26 15:52:09.506563
2020-03-22,Brazil,MG,Uberlândia/MG,3170206,1,4,2020-03-26 15:52:09.506563
2020-03-22,Brazil,PR,Cianorte/PR,4105508,2,4,2020-03-26 15:52:09.506563
2020-03-22,Brazil,PE,Recife/PE,2611606,3,29,2020-03-26 15:52:09.506563
2020-03-22,Brazil,RS,Porto Alegre/RS,4314902,4,40,2020-03-26 15:52:09.506563
2020-03-22,Brazil,DF,Brasília/DF,5300108,22,134,2020-03-26 15:52:09.506563
2020-03-22,Brazil,RJ,Rio de Janeiro/RJ,3304557,67,170,2020-03-26 15:52:09.506563
2020-03-22,Brazil,PR,Londrina/PR,4113700,0,3,2020-03-26 15:52:09.506563
2020-03-22,Brazil,SP,São Paulo/SP,3550308,165,583,2020-03-26 15:52:09.506563
2020-03-22,Brazil,BA,Porto Seguro/BA,2925303,2,7,2020-03-26 15:52:09.506563
2020-03-22,Brazil,PR,Pinhais/PR,4119152,1,2,2020-03-26 15:52:09.506563
2020-03-22,Brazil,BA,Conceição do Jacuípe/BA,2908507,1,1,2020-03-26 15:52:09.506563
2020-03-22,Brazil,RS,Canoas/RS,4304606,1,3,2020-03-26 15:52:09.506563
2020-03-22,Brazil,AM,Parintins/AM,1303403,1,1,2020-03-26 15:52:09.506563
2020-03-22,Brazil,PR,Colombo/PR,4105805,1,1,2020-03-26 15:52:09.506563
2020-03-22,Brazil,PE,Olinda/PE,2609600,1,1,2020-03-26 15:52:09.506563
2020-03-22,Brazil,SP,São Sebastião/SP,3550704,1,1,2020-03-26 15:52:09.506563
2020-03-22,Brazil,BA,Barreiras/BA,2903201,1,1,2020-03-26 15:52:09.506563
2020-03-22,Brazil,RS,Lajeado/RS,4311403,2,3,2020-03-26 15:52:09.506563
2020-03-22,Brazil,RN,Parnamirim/RN,2403251,1,3,2020-03-26 15:52:09.506563
2020-03-22,Brazil,SC,Criciúma/SC,4204608,1,7,2020-03-26 15:52:09.506563
2020-03-22,Brazil,TO,Palmas/TO,1721000,3,5,2020-03-26 15:52:09.506563
2020-03-22,Brazil,SC,Itajaí/SC,4208203,1,7,2020-03-26 15:52:09.506563
2020-03-22,Brazil,PI,Teresina/PI,2211001,2,6,2020-03-26 15:52:09.506563
2020-03-22,Brazil,RS,Bagé/RS,4301602,3,6,2020-03-26 15:52:09.506563
2020-03-22,Brazil,SC,São José/SC,4216602,1,3,2020-03-26 15:52:09.506563
2020-03-22,Brazil,RS,Torres/RS,4321501,1,3,2020-03-26 15:52:09.506563
2020-03-22,Brazil,PA,Belém/PA,1501402,2,4,2020-03-26 15:52:09.506563
2020-03-22,Brazil,PR,Foz do Iguaçu/PR,4108304,3,4,2020-03-26 15:52:09.506563
2020-03-22,Brazil,PR,Campo Largo/PR,4104204,0,1,2020-03-26 15:52:09.506563
2020-03-22,Brazil,GO,Aparecida de Goiânia/GO,5201405,0,2,2020-03-26 15:52:09.506563
2020-03-22,Brazil,MT,Rondonópolis/MT,5107602,0,1,2020-03-26 15:52:09.506563
2020-03-22,Brazil,MG,Mariana/MG,3140001,0,1,2020-03-26 15:52:09.506563
2020-03-22,Brazil,MT,Cuiabá/MT,5103403,0,1,2020-03-26 15:52:09.506563
2020-03-22,Brazil,RS,Bento Gonçalves/RS,4302105,0,2,2020-03-26 15:52:09.506563
2020-03-22,Brazil,SP,Mogi das Cruzes/SP,3530607,0,1,2020-03-26 15:52:09.506563
2020-03-22,Brazil,SP,Hortolândia/SP,3519071,0,1,2020-03-26 15:52:09.506563
2020-03-22,Brazil,SP,São José dos Campos/SP,3549904,0,1,2020-03-26 15:52:09.506563
2020-03-22,Brazil,SP,Osasco/SP,3534401,0,1,2020-03-26 15:52:09.506563
2020-03-22,Brazil,MG,Poços de Caldas/MG,3151800,0,1,2020-03-26 15:52:09.506563
2020-03-22,Brazil,MA,São Luís/MA,2111300,0,2,2020-03-26 15:52:09.506563
2020-03-22,Brazil,PR,Pato Branco/PR,4118501,0,1,2020-03-26 15:52:09.506563
2020-03-22,Brazil,ES,Cachoeiro de Itapemirim/ES,3201209,0,1,2020-03-26 15:52:09.506563
2020-03-22,Brazil,ES,Cariacica/ES,3201308,0,1,2020-03-26 15:52:09.506563
2020-03-22,Brazil,RS,Eldorado do Sul/RS,4306767,0,1,2020-03-26 15:52:09.506563
2020-03-22,Brazil,RS,Dois Irmãos/RS,4306403,0,1,2020-03-26 15:52:09.506563
2020-03-22,Brazil,RS,Taquara/RS,4321204,0,1,2020-03-26 15:52:09.506563
2020-03-22,Brazil,RS,São Leopoldo/RS,4318705,0,1,2020-03-26 15:52:09.506563
2020-03-22,Brazil,RS,Charqueadas/RS,4305355,0,1,2020-03-26 15:52:09.506563
2020-03-22,Brazil,PR,Ponta Grossa/PR,4119905,0,1,2020-03-26 15:52:09.506563
2020-03-22,Brazil,SC,Jaguaruna/SC,4208807,0,1,2020-03-26 15:52:09.506563
2020-03-22,Brazil,RJ,Petrópolis/RJ,3303906,0,3,2020-03-26 15:52:09.506563
2020-03-22,Brazil,RS,Carlos Barbosa/RS,4304804,0,1,2020-03-26 15:52:09.506563
2020-03-22,Brazil,GO,Jataí/GO,5211909,0,1,2020-03-26 15:52:09.506563
2020-03-22,Brazil,TOTAL,TOTAL,2408003,415,1621,2020-03-26 15:52:09.506563
2020-03-22,Brazil,RN,Mossoró/RN,2408003,0,1,2020-03-26 15:52:09.506563
2020-03-22,Brazil,RS,Viamão/RS,4323002,0,1,2020-03-26 15:52:09.506563
2020-03-22,Brazil,RS,Santa Maria/RS,4316907,0,1,2020-03-26 15:52:09.506563
2020-03-22,Brazil,RS,Estrela/RS,4307807,0,1,2020-03-26 15:52:09.506563
2020-03-22,Brazil,RS,Estância Velha/RS,4307609,0,1,2020-03-26 15:52:09.506563
2020-03-22,Brazil,RR,Boa Vista/RR,1400100,0,2,2020-03-26 15:52:09.506563
2020-03-22,Brazil,SC,Gravatal/SC,4206207,0,1,2020-03-26 15:52:09.506563
2020-03-22,Brazil,RO,Porto Velho/RO,1100205,0,2,2020-03-26 15:52:09.506563
2020-03-22,Brazil,SE,Nossa Senhora da Glória/SE,2804508,0,1,2020-03-26 15:52:09.506563
2020-03-22,Brazil,MS,Ponta Porã/MS,5006606,0,1,2020-03-26 15:52:09.506563
2020-03-22,Brazil,SP,Caieiras/SP,3509007,0,1,2020-03-26 15:52:09.506563
2020-03-22,Brazil,SP,Poá/SP,3539806,0,1,2020-03-26 15:52:09.506563
2020-03-22,Brazil,SP,Taboão da Serra/SP,3552809,0,1,2020-03-26 15:52:09.506563
2020-03-22,Brazil,SP,Valinhos/SP,3556206,0,1,2020-03-26 15:52:09.506563
2020-03-22,Brazil,RS,Ivoti/RS,4310801,0,2,2020-03-26 15:52:09.506563
2020-03-22,Brazil,MT,Várzea Grande/MT,5108402,0,1,2020-03-26 15:52:09.506563
2020-03-22,Brazil,BA,Camaçari/BA,2905701,0,1,2020-03-26 15:52:09.506563
2020-03-22,Brazil,SP,Campinas/SP,3509502,0,4,2020-03-26 15:52:09.506563
2020-03-22,Brazil,RS,Serafina Corrêa/RS,4320404,0,2,2020-03-26 15:52:09.506563
2020-03-22,Brazil,CE,Sobral/CE,2312908,0,1,2020-03-26 15:52:09.506563
2020-03-22,Brazil,SC,ESTRANGEIRO/SC,42,0,2,2020-03-26 15:52:09.506563
2020-03-22,Brazil,SC,Tubarão/SC,4218707,0,5,2020-03-26 15:52:09.506563
2020-03-22,Brazil,MG,Uberaba/MG,3170107,0,3,2020-03-26 15:52:09.506563
2020-03-22,Brazil,SP,Cotia/SP,3513009,0,2,2020-03-26 15:52:09.506563
2020-03-22,Brazil,SP,Barueri/SP,3505708,0,1,2020-03-26 15:52:09.506563
2020-03-22,Brazil,SP,São José do Rio Preto/SP,3549805,0,1,2020-03-26 15:52:09.506563
2020-03-22,Brazil,MS,Sidrolândia/MS,5007901,0,1,2020-03-26 15:52:09.506563
2020-03-22,Brazil,SP,Jaguariúna/SP,3524709,0,1,2020-03-26 15:52:09.506563
2020-03-22,Brazil,RJ,Guapimirim/RJ,3301850,0,1,2020-03-26 15:52:09.506563
2020-03-22,Brazil,PB,João Pessoa/PB,2507507,0,1,2020-03-26 15:52:09.506563
2020-03-22,Brazil,SE,Propriá/SE,2805703,0,2,2020-03-26 15:52:09.506563
2020-03-22,Brazil,PR,Maringá/PR,4115200,0,1,2020-03-26 15:52:09.506563
2020-03-22,Brazil,PR,Guaíra/PR,4108809,0,1,2020-03-26 15:52:09.506563
2020-03-22,Brazil,SC,Balneário Camboriú/SC,4202008,0,6,2020-03-26 15:52:09.506563
2020-03-22,Brazil,RS,Farroupilha/RS,4307906,0,1,2020-03-26 15:52:09.506563
2020-03-22,Brazil,SP,Guarulhos/SP,3518800,0,1,2020-03-26 15:52:09.506563
2020-03-22,Brazil,BA,Lauro de Freitas/BA,2919207,0,3,2020-03-26 15:52:09.506563
2020-03-22,Brazil,RO,Ji-Paraná/RO,1100122,0,1,2020-03-26 15:52:09.506563
2020-03-22,Brazil,SC,Chapecó/SC,4204202,0,2,2020-03-26 15:52:09.506563
2020-03-22,Brazil,SC,Imbituba/SC,4207304,0,2,2020-03-26 15:52:09.506563
2020-03-22,Brazil,SC,Jaraguá do Sul/SC,4208906,0,1,2020-03-26 15:52:09.506563
2020-03-22,Brazil,SC,Pomerode/SC,4213203,0,1,2020-03-26 15:52:09.506563
2020-03-22,Brazil,SC,Navegantes/SC,4211306,0,1,2020-03-26 15:52:09.506563
2020-03-22,Brazil,CE,Fortim/CE,2304459,0,1,2020-03-26 15:52:09.506563
2020-03-22,Brazil,CE,Juazeiro do Norte/CE,2307304,0,1,2020-03-26 15:52:09.506563
2020-03-22,Brazil,AP,Macapá/AP,1600303,0,1,2020-03-26 15:52:09.506563
2020-03-22,Brazil,RJ,Miguel Pereira/RJ,3302908,0,1,2020-03-26 15:52:09.506563
2020-03-22,Brazil,SP,Taubaté/SP,3554102,0,1,2020-03-26 15:52:09.506563
2020-03-22,Brazil,RS,Sant'Ana do Livramento/RS,4317103,0,2,2020-03-26 15:52:09.506563
2020-03-22,Brazil,RS,Erechim/RS,4307005,0,3,2020-03-26 15:52:09.506563
2020-03-22,Brazil,RS,Alvorada/RS,4300604,0,2,2020-03-26 15:52:09.506563
2020-03-22,Brazil,BA,Itabuna/BA,2914802,0,1,2020-03-26 15:52:09.506563
2020-03-22,Brazil,SP,Suzano/SP,3552502,0,1,2020-03-26 15:52:09.506563
2020-03-21,Brazil,MG,Coronel Fabriciano/MG,3119401,0,1,2020-03-26 15:52:09.506563
2020-03-21,Brazil,PR,Pinhais/PR,4119152,0,1,2020-03-26 15:52:09.506563
2020-03-21,Brazil,PR,Campo Largo/PR,4104204,0,1,2020-03-26 15:52:09.506563
2020-03-21,Brazil,MG,Sete Lagoas/MG,3167202,0,1,2020-03-26 15:52:09.506563
2020-03-21,Brazil,PE,Belo Jardim/PE,2601706,0,1,2020-03-26 15:52:09.506563
2020-03-21,Brazil,MG,Nova Lima/MG,3144805,0,4,2020-03-26 15:52:09.506563
2020-03-21,Brazil,PE,Jaboatão dos Guararapes/PE,2607901,0,3,2020-03-26 15:52:09.506563
2020-03-21,Brazil,GO,Anápolis/GO,5201108,0,2,2020-03-26 15:52:09.506563
2020-03-21,Brazil,MT,Rondonópolis/MT,5107602,0,1,2020-03-26 15:52:09.506563
2020-03-21,Brazil,PR,Londrina/PR,4113700,0,3,2020-03-26 15:52:09.506563
2020-03-21,Brazil,PB,João Pessoa/PB,2507507,0,1,2020-03-26 15:52:09.506563
2020-03-21,Brazil,GO,Jataí/GO,5211909,0,1,2020-03-26 15:52:09.506563
2020-03-21,Brazil,GO,Aparecida de Goiânia/GO,5201405,0,2,2020-03-26 15:52:09.506563
2020-03-21,Brazil,PR,Maringá/PR,4115200,0,1,2020-03-26 15:52:09.506563
2020-03-21,Brazil,PR,Foz do Iguaçu/PR,4108304,0,1,2020-03-26 15:52:09.506563
2020-03-21,Brazil,PA,Belém/PA,1501402,0,2,2020-03-26 15:52:09.506563
2020-03-21,Brazil,SE,Propriá/SE,2805703,0,2,2020-03-26 15:52:09.506563
2020-03-21,Brazil,SP,São José do Rio Preto/SP,3549805,0,1,2020-03-26 15:52:09.506563
2020-03-21,Brazil,RJ,Guapimirim/RJ,3301850,0,1,2020-03-26 15:52:09.506563
2020-03-21,Brazil,SP,Jaguariúna/SP,3524709,0,1,2020-03-26 15:52:09.506563
2020-03-21,Brazil,SP,São Bernardo do Campo/SP,3548708,0,4,2020-03-26 15:52:09.506563
2020-03-21,Brazil,SP,São Caetano do Sul/SP,3548807,0,4,2020-03-26 15:52:09.506563
2020-03-21,Brazil,RJ,Barra Mansa/RJ,3300407,0,1,2020-03-26 15:52:09.506563
2020-03-21,Brazil,SP,Carapicuíba/SP,3510609,0,2,2020-03-26 15:52:09.506563
2020-03-21,Brazil,MG,Patrocínio/MG,3148103,0,1,2020-03-26 15:52:09.506563
2020-03-21,Brazil,SP,Barueri/SP,3505708,0,1,2020-03-26 15:52:09.506563
2020-03-21,Brazil,RS,Lajeado/RS,4311403,1,1,2020-03-26 15:52:09.506563
2020-03-21,Brazil,RS,Santa Maria/RS,4316907,1,1,2020-03-26 15:52:09.506563
2020-03-21,Brazil,RS,Viamão/RS,4323002,1,1,2020-03-26 15:52:09.506563
2020-03-21,Brazil,RN,Mossoró/RN,2408003,1,1,2020-03-26 15:52:09.506563
2020-03-21,Brazil,BA,Feira de Santana/BA,2910800,0,6,2020-03-26 15:52:09.506563
2020-03-21,Brazil,SP,Santana de Parnaíba/SP,3547304,0,2,2020-03-26 15:52:09.506563
2020-03-21,Brazil,MG,Divinópolis/MG,3122306,0,1,2020-03-26 15:52:09.506563
2020-03-21,Brazil,RJ,Niterói/RJ,3303302,0,10,2020-03-26 15:52:09.506563
2020-03-21,Brazil,RS,Campo Bom/RS,4303905,0,2,2020-03-26 15:52:09.506563
2020-03-21,Brazil,RS,Caxias do Sul/RS,4305108,0,2,2020-03-26 15:52:09.506563
2020-03-21,Brazil,PR,Cianorte/PR,4105508,0,2,2020-03-26 15:52:09.506563
2020-03-21,Brazil,SP,Ferraz de Vasconcelos/SP,3515707,0,1,2020-03-26 15:52:09.506563
2020-03-21,Brazil,SC,Florianópolis/SC,4205407,0,10,2020-03-26 15:52:09.506563
2020-03-21,Brazil,MG,Ipatinga/MG,3131307,0,1,2020-03-26 15:52:09.506563
2020-03-21,Brazil,GO,Goiânia/GO,5208707,0,10,2020-03-26 15:52:09.506563
2020-03-21,Brazil,SC,Rancho Queimado/SC,4214300,0,2,2020-03-26 15:52:09.506563
2020-03-21,Brazil,PE,ESTRANGEIRO/PE,26,0,3,2020-03-26 15:52:09.506563
2020-03-21,Brazil,MG,Juiz de Fora/MG,3136702,0,5,2020-03-26 15:52:09.506563
2020-03-21,Brazil,SP,Guarulhos/SP,3518800,0,1,2020-03-26 15:52:09.506563
2020-03-21,Brazil,MG,Poços de Caldas/MG,3151800,0,1,2020-03-26 15:52:09.506563
2020-03-21,Brazil,SP,Cotia/SP,3513009,0,2,2020-03-26 15:52:09.506563
2020-03-21,Brazil,SC,Jaraguá do Sul/SC,4208906,0,1,2020-03-26 15:52:09.506563
2020-03-21,Brazil,PR,Guaíra/PR,4108809,0,1,2020-03-26 15:52:09.506563
2020-03-21,Brazil,BA,Camaçari/BA,2905701,0,1,2020-03-26 15:52:09.506563
2020-03-21,Brazil,RS,Ivoti/RS,4310801,0,2,2020-03-26 15:52:09.506563
2020-03-21,Brazil,RS,Charqueadas/RS,4305355,0,1,2020-03-26 15:52:09.506563
2020-03-21,Brazil,RS,São Leopoldo/RS,4318705,0,1,2020-03-26 15:52:09.506563
2020-03-21,Brazil,RS,Taquara/RS,4321204,0,1,2020-03-26 15:52:09.506563
2020-03-21,Brazil,RS,Dois Irmãos/RS,4306403,0,1,2020-03-26 15:52:09.506563
2020-03-21,Brazil,RS,Eldorado do Sul/RS,4306767,0,1,2020-03-26 15:52:09.506563
2020-03-21,Brazil,RS,Canoas/RS,4304606,0,2,2020-03-26 15:52:09.506563
2020-03-21,Brazil,ES,Cariacica/ES,3201308,0,1,2020-03-26 15:52:09.506563
2020-03-21,Brazil,ES,Cachoeiro de Itapemirim/ES,3201209,0,1,2020-03-26 15:52:09.506563
2020-03-21,Brazil,MG,Mariana/MG,3140001,0,1,2020-03-26 15:52:09.506563
2020-03-21,Brazil,SP,Osasco/SP,3534401,0,1,2020-03-26 15:52:09.506563
2020-03-21,Brazil,SP,São José dos Campos/SP,3549904,0,1,2020-03-26 15:52:09.506563
2020-03-21,Brazil,SP,Hortolândia/SP,3519071,0,1,2020-03-26 15:52:09.506563
2020-03-21,Brazil,SP,Mogi das Cruzes/SP,3530607,0,1,2020-03-26 15:52:09.506563
2020-03-21,Brazil,MT,Cuiabá/MT,5103403,0,1,2020-03-26 15:52:09.506563
2020-03-21,Brazil,TOTAL,TOTAL,5103403,193,1206,2020-03-26 15:52:09.506563
2020-03-21,Brazil,RS,Estância Velha/RS,4307609,1,1,2020-03-26 15:52:09.506563
2020-03-21,Brazil,SC,Imbituba/SC,4207304,0,2,2020-03-26 15:52:09.506563
2020-03-21,Brazil,SC,Pomerode/SC,4213203,0,1,2020-03-26 15:52:09.506563
2020-03-21,Brazil,SC,Tubarão/SC,4218707,0,5,2020-03-26 15:52:09.506563
2020-03-21,Brazil,SC,Navegantes/SC,4211306,0,1,2020-03-26 15:52:09.506563
2020-03-21,Brazil,SC,ESTRANGEIRO/SC,42,0,2,2020-03-26 15:52:09.506563
2020-03-21,Brazil,CE,Sobral/CE,2312908,0,1,2020-03-26 15:52:09.506563
2020-03-21,Brazil,RS,Serafina Corrêa/RS,4320404,0,2,2020-03-26 15:52:09.506563
2020-03-21,Brazil,RS,Torres/RS,4321501,0,2,2020-03-26 15:52:09.506563
2020-03-21,Brazil,RS,Farroupilha/RS,4307906,0,1,2020-03-26 15:52:09.506563
2020-03-21,Brazil,MS,Sidrolândia/MS,5007901,0,1,2020-03-26 15:52:09.506563
2020-03-21,Brazil,BA,Lauro de Freitas/BA,2919207,0,3,2020-03-26 15:52:09.506563
2020-03-21,Brazil,BA,Itabuna/BA,2914802,0,1,2020-03-26 15:52:09.506563
2020-03-21,Brazil,RJ,Miguel Pereira/RJ,3302908,0,1,2020-03-26 15:52:09.506563
2020-03-21,Brazil,RS,Alvorada/RS,4300604,0,2,2020-03-26 15:52:09.506563
2020-03-21,Brazil,RS,Erechim/RS,4307005,0,3,2020-03-26 15:52:09.506563
2020-03-21,Brazil,RS,Sant'Ana do Livramento/RS,4317103,0,2,2020-03-26 15:52:09.506563
2020-03-21,Brazil,PI,Teresina/PI,2211001,0,4,2020-03-26 15:52:09.506563
2020-03-21,Brazil,SP,Taubaté/SP,3554102,0,1,2020-03-26 15:52:09.506563
2020-03-21,Brazil,SP,Suzano/SP,3552502,0,1,2020-03-26 15:52:09.506563
2020-03-21,Brazil,RO,Ji-Paraná/RO,1100122,0,1,2020-03-26 15:52:09.506563
2020-03-21,Brazil,CE,Juazeiro do Norte/CE,2307304,0,1,2020-03-26 15:52:09.506563
2020-03-21,Brazil,CE,Fortim/CE,2304459,0,1,2020-03-26 15:52:09.506563
2020-03-21,Brazil,AP,Macapá/AP,1600303,0,1,2020-03-26 15:52:09.506563
2020-03-21,Brazil,RS,Estrela/RS,4307807,1,1,2020-03-26 15:52:09.506563
2020-03-21,Brazil,RS,Carlos Barbosa/RS,4304804,1,1,2020-03-26 15:52:09.506563
2020-03-21,Brazil,AM,Manaus/AM,1302603,4,11,2020-03-26 15:52:09.506563
2020-03-21,Brazil,SC,Joinville/SC,4209102,1,4,2020-03-26 15:52:09.506563
2020-03-21,Brazil,AC,Rio Branco/AC,1200401,4,11,2020-03-26 15:52:09.506563
2020-03-21,Brazil,BA,Prado/BA,2925501,1,2,2020-03-26 15:52:09.506563
2020-03-21,Brazil,BA,Porto Seguro/BA,2925303,1,5,2020-03-26 15:52:09.506563
2020-03-21,Brazil,MG,Belo Horizonte/MG,3106200,13,33,2020-03-26 15:52:09.506563
2020-03-21,Brazil,CE,Aquiraz/CE,2301000,3,4,2020-03-26 15:52:09.506563
2020-03-21,Brazil,CE,Fortaleza/CE,2304400,13,77,2020-03-26 15:52:09.506563
2020-03-21,Brazil,SC,Braço do Norte/SC,4202800,2,6,2020-03-26 15:52:09.506563
2020-03-21,Brazil,ES,Vitória/ES,3205309,5,11,2020-03-26 15:52:09.506563
2020-03-21,Brazil,ES,Linhares/ES,3203205,1,2,2020-03-26 15:52:09.506563
2020-03-21,Brazil,SE,Aracaju/SE,2800308,2,7,2020-03-26 15:52:09.506563
2020-03-21,Brazil,MS,Campo Grande/MS,5002704,3,14,2020-03-26 15:52:09.506563
2020-03-21,Brazil,BA,Salvador/BA,2927408,5,23,2020-03-26 15:52:09.506563
2020-03-21,Brazil,MG,Uberlândia/MG,3170206,2,3,2020-03-26 15:52:09.506563
2020-03-21,Brazil,RN,Natal/RN,2408102,1,6,2020-03-26 15:52:09.506563
2020-03-21,Brazil,GO,Rio Verde/GO,5218805,2,5,2020-03-26 15:52:09.506563
2020-03-21,Brazil,PR,Curitiba/PR,4106902,5,31,2020-03-26 15:52:09.506563
2020-03-21,Brazil,PE,Recife/PE,2611606,2,26,2020-03-26 15:52:09.506563
2020-03-21,Brazil,RS,Porto Alegre/RS,4314902,4,36,2020-03-26 15:52:09.506563
2020-03-21,Brazil,AL,Maceió/AL,2704302,1,7,2020-03-26 15:52:09.506563
2020-03-21,Brazil,DF,Brasília/DF,5300108,4,112,2020-03-26 15:52:09.506563
2020-03-21,Brazil,RJ,Rio de Janeiro/RJ,3304557,9,103,2020-03-26 15:52:09.506563
2020-03-21,Brazil,ES,Vila Velha/ES,3205200,4,11,2020-03-26 15:52:09.506563
2020-03-21,Brazil,SP,São Paulo/SP,3550308,52,418,2020-03-26 15:52:09.506563
2020-03-21,Brazil,RR,Boa Vista/RR,1400100,2,2,2020-03-26 15:52:09.506563
2020-03-21,Brazil,SP,Santo André/SP,3547809,3,6,2020-03-26 15:52:09.506563
2020-03-21,Brazil,SP,Mauá/SP,3529401,1,2,2020-03-26 15:52:09.506563
2020-03-21,Brazil,TO,Palmas/TO,1721000,1,2,2020-03-26 15:52:09.506563
2020-03-21,Brazil,PR,Ponta Grossa/PR,4119905,1,1,2020-03-26 15:52:09.506563
2020-03-21,Brazil,RO,Porto Velho/RO,1100205,2,2,2020-03-26 15:52:09.506563
2020-03-21,Brazil,SE,Nossa Senhora da Glória/SE,2804508,1,1,2020-03-26 15:52:09.506563
2020-03-21,Brazil,MS,Ponta Porã/MS,5006606,1,1,2020-03-26 15:52:09.506563
2020-03-21,Brazil,SP,Caieiras/SP,3509007,1,1,2020-03-26 15:52:09.506563
2020-03-21,Brazil,SP,Poá/SP,3539806,1,1,2020-03-26 15:52:09.506563
2020-03-21,Brazil,SP,Taboão da Serra/SP,3552809,1,1,2020-03-26 15:52:09.506563
2020-03-21,Brazil,SC,Balneário Camboriú/SC,4202008,2,6,2020-03-26 15:52:09.506563
2020-03-21,Brazil,MT,Várzea Grande/MT,5108402,1,1,2020-03-26 15:52:09.506563
2020-03-21,Brazil,SC,Gravatal/SC,4206207,1,1,2020-03-26 15:52:09.506563
2020-03-21,Brazil,SC,Jaguaruna/SC,4208807,1,1,2020-03-26 15:52:09.506563
2020-03-21,Brazil,PR,Pato Branco/PR,4118501,1,1,2020-03-26 15:52:09.506563
2020-03-21,Brazil,SP,Valinhos/SP,3556206,1,1,2020-03-26 15:52:09.506563
2020-03-21,Brazil,RS,Bagé/RS,4301602,1,3,2020-03-26 15:52:09.506563
2020-03-21,Brazil,RN,Parnamirim/RN,2403251,1,2,2020-03-26 15:52:09.506563
2020-03-21,Brazil,MA,São Luís/MA,2111300,1,2,2020-03-26 15:52:09.506563
2020-03-21,Brazil,RJ,Petrópolis/RJ,3303906,1,3,2020-03-26 15:52:09.506563
2020-03-21,Brazil,SC,Chapecó/SC,4204202,1,2,2020-03-26 15:52:09.506563
2020-03-21,Brazil,SC,Criciúma/SC,4204608,3,6,2020-03-26 15:52:09.506563
2020-03-21,Brazil,SC,Itajaí/SC,4208203,5,6,2020-03-26 15:52:09.506563
2020-03-21,Brazil,SC,São José/SC,4216602,1,2,2020-03-26 15:52:09.506563
2020-03-21,Brazil,MG,Uberaba/MG,3170107,2,3,2020-03-26 15:52:09.506563
2020-03-21,Brazil,SP,Campinas/SP,3509502,3,4,2020-03-26 15:52:09.506563
2020-03-21,Brazil,RS,Bento Gonçalves/RS,4302105,1,2,2020-03-26 15:52:09.506563
2020-03-20,Brazil,SC,Criciúma/SC,4204608,3,3,2020-03-26 15:52:09.506563
2020-03-20,Brazil,SC,Jaraguá do Sul/SC,4208906,1,1,2020-03-26 15:52:09.506563
2020-03-20,Brazil,SC,Imbituba/SC,4207304,2,2,2020-03-26 15:52:09.506563
2020-03-20,Brazil,BA,Lauro de Freitas/BA,2919207,1,3,2020-03-26 15:52:09.506563
2020-03-20,Brazil,SC,Navegantes/SC,4211306,1,1,2020-03-26 15:52:09.506563
2020-03-20,Brazil,SC,Chapecó/SC,4204202,1,1,2020-03-26 15:52:09.506563
2020-03-20,Brazil,SC,Pomerode/SC,4213203,1,1,2020-03-26 15:52:09.506563
2020-03-20,Brazil,RS,Erechim/RS,4307005,1,3,2020-03-26 15:52:09.506563
2020-03-20,Brazil,SC,Itajaí/SC,4208203,1,1,2020-03-26 15:52:09.506563
2020-03-20,Brazil,AP,Macapá/AP,1600303,1,1,2020-03-26 15:52:09.506563
2020-03-20,Brazil,CE,Fortim/CE,2304459,1,1,2020-03-26 15:52:09.506563
2020-03-20,Brazil,PI,Teresina/PI,2211001,1,4,2020-03-26 15:52:09.506563
2020-03-20,Brazil,RS,Sant'Ana do Livramento/RS,4317103,1,2,2020-03-26 15:52:09.506563
2020-03-20,Brazil,BA,Camaçari/BA,2905701,1,1,2020-03-26 15:52:09.506563
2020-03-20,Brazil,PR,Guaíra/PR,4108809,1,1,2020-03-26 15:52:09.506563
2020-03-20,Brazil,PE,Jaboatão dos Guararapes/PE,2607901,2,3,2020-03-26 15:52:09.506563
2020-03-20,Brazil,RJ,Petrópolis/RJ,3303906,2,2,2020-03-26 15:52:09.506563
2020-03-20,Brazil,RS,Ivoti/RS,4310801,2,2,2020-03-26 15:52:09.506563
2020-03-20,Brazil,RS,Charqueadas/RS,4305355,1,1,2020-03-26 15:52:09.506563
2020-03-20,Brazil,RS,São Leopoldo/RS,4318705,1,1,2020-03-26 15:52:09.506563
2020-03-20,Brazil,RS,Taquara/RS,4321204,1,1,2020-03-26 15:52:09.506563
2020-03-20,Brazil,RS,Dois Irmãos/RS,4306403,1,1,2020-03-26 15:52:09.506563
2020-03-20,Brazil,RS,Eldorado do Sul/RS,4306767,1,1,2020-03-26 15:52:09.506563
2020-03-20,Brazil,RS,Canoas/RS,4304606,2,2,2020-03-26 15:52:09.506563
2020-03-20,Brazil,ES,Cariacica/ES,3201308,1,1,2020-03-26 15:52:09.506563
2020-03-20,Brazil,ES,Cachoeiro de Itapemirim/ES,3201209,1,1,2020-03-26 15:52:09.506563
2020-03-20,Brazil,MA,São Luís/MA,2111300,1,1,2020-03-26 15:52:09.506563
2020-03-20,Brazil,RN,Parnamirim/RN,2403251,1,1,2020-03-26 15:52:09.506563
2020-03-20,Brazil,MG,Mariana/MG,3140001,1,1,2020-03-26 15:52:09.506563
2020-03-20,Brazil,SC,Tubarão/SC,4218707,4,5,2020-03-26 15:52:09.506563
2020-03-20,Brazil,RS,Torres/RS,4321501,1,2,2020-03-26 15:52:09.506563
2020-03-20,Brazil,RJ,Rio de Janeiro/RJ,3304557,38,94,2020-03-26 15:52:09.506563
2020-03-20,Brazil,SE,Propriá/SE,2805703,1,2,2020-03-26 15:52:09.506563
2020-03-20,Brazil,PA,Belém/PA,1501402,1,2,2020-03-26 15:52:09.506563
2020-03-20,Brazil,SP,São Paulo/SP,3550308,99,366,2020-03-26 15:52:09.506563
2020-03-20,Brazil,BA,Feira de Santana/BA,2910800,1,6,2020-03-26 15:52:09.506563
2020-03-20,Brazil,SP,Osasco/SP,3534401,1,1,2020-03-26 15:52:09.506563
2020-03-20,Brazil,DF,Brasília/DF,5300108,24,108,2020-03-26 15:52:09.506563
2020-03-20,Brazil,AL,Maceió/AL,2704302,2,6,2020-03-26 15:52:09.506563
2020-03-20,Brazil,SP,Santana de Parnaíba/SP,3547304,1,2,2020-03-26 15:52:09.506563
2020-03-20,Brazil,RJ,Niterói/RJ,3303302,3,10,2020-03-26 15:52:09.506563
2020-03-20,Brazil,RS,Porto Alegre/RS,4314902,9,32,2020-03-26 15:52:09.506563
2020-03-20,Brazil,PE,Recife/PE,2611606,1,24,2020-03-26 15:52:09.506563
2020-03-20,Brazil,PR,Curitiba/PR,4106902,10,26,2020-03-26 15:52:09.506563
2020-03-20,Brazil,SC,Florianópolis/SC,4205407,4,10,2020-03-26 15:52:09.506563
2020-03-20,Brazil,GO,Goiânia/GO,5208707,2,10,2020-03-26 15:52:09.506563
2020-03-20,Brazil,RN,Natal/RN,2408102,4,5,2020-03-26 15:52:09.506563
2020-03-20,Brazil,AM,Manaus/AM,1302603,4,7,2020-03-26 15:52:09.506563
2020-03-20,Brazil,SC,Joinville/SC,4209102,1,3,2020-03-26 15:52:09.506563
2020-03-20,Brazil,MS,Campo Grande/MS,5002704,3,11,2020-03-26 15:52:09.506563
2020-03-20,Brazil,MG,Juiz de Fora/MG,3136702,3,5,2020-03-26 15:52:09.506563
2020-03-20,Brazil,ES,Vitória/ES,3205309,1,6,2020-03-26 15:52:09.506563
2020-03-20,Brazil,SP,São Bernardo do Campo/SP,3548708,1,4,2020-03-26 15:52:09.506563
2020-03-20,Brazil,SP,São Caetano do Sul/SP,3548807,3,4,2020-03-26 15:52:09.506563
2020-03-20,Brazil,CE,Fortaleza/CE,2304400,42,64,2020-03-26 15:52:09.506563
2020-03-20,Brazil,MG,Belo Horizonte/MG,3106200,2,20,2020-03-26 15:52:09.506563
2020-03-20,Brazil,AC,Rio Branco/AC,1200401,3,7,2020-03-26 15:52:09.506563
2020-03-20,Brazil,SP,Santo André/SP,3547809,1,3,2020-03-26 15:52:09.506563
2020-03-20,Brazil,MG,Nova Lima/MG,3144805,2,4,2020-03-26 15:52:09.506563
2020-03-20,Brazil,PR,Londrina/PR,4113700,2,3,2020-03-26 15:52:09.506563
2020-03-20,Brazil,GO,Aparecida de Goiânia/GO,5201405,1,2,2020-03-26 15:52:09.506563
2020-03-20,Brazil,MG,Poços de Caldas/MG,3151800,1,1,2020-03-26 15:52:09.506563
2020-03-20,Brazil,RS,Alvorada/RS,4300604,1,2,2020-03-26 15:52:09.506563
2020-03-20,Brazil,SP,São José dos Campos/SP,3549904,1,1,2020-03-26 15:52:09.506563
2020-03-20,Brazil,SP,Cotia/SP,3513009,0,2,2020-03-26 15:52:09.506563
2020-03-20,Brazil,MT,Rondonópolis/MT,5107602,0,1,2020-03-26 15:52:09.506563
2020-03-20,Brazil,TO,Palmas/TO,1721000,0,1,2020-03-26 15:52:09.506563
2020-03-20,Brazil,GO,Jataí/GO,5211909,0,1,2020-03-26 15:52:09.506563
2020-03-20,Brazil,SC,Balneário Camboriú/SC,4202008,0,4,2020-03-26 15:52:09.506563
2020-03-20,Brazil,PR,Maringá/PR,4115200,0,1,2020-03-26 15:52:09.506563
2020-03-20,Brazil,PR,Foz do Iguaçu/PR,4108304,0,1,2020-03-26 15:52:09.506563
2020-03-20,Brazil,PB,João Pessoa/PB,2507507,0,1,2020-03-26 15:52:09.506563
2020-03-20,Brazil,RJ,Guapimirim/RJ,3301850,0,1,2020-03-26 15:52:09.506563
2020-03-20,Brazil,SP,Jaguariúna/SP,3524709,0,1,2020-03-26 15:52:09.506563
2020-03-20,Brazil,SP,São José do Rio Preto/SP,3549805,0,1,2020-03-26 15:52:09.506563
2020-03-20,Brazil,SP,Campinas/SP,3509502,0,1,2020-03-26 15:52:09.506563
2020-03-20,Brazil,SP,Guarulhos/SP,3518800,0,1,2020-03-26 15:52:09.506563
2020-03-20,Brazil,SP,Barueri/SP,3505708,0,1,2020-03-26 15:52:09.506563
2020-03-20,Brazil,MG,Uberaba/MG,3170107,0,1,2020-03-26 15:52:09.506563
2020-03-20,Brazil,PR,Campo Largo/PR,4104204,0,1,2020-03-26 15:52:09.506563
2020-03-20,Brazil,SC,ESTRANGEIRO/SC,42,0,2,2020-03-26 15:52:09.506563
2020-03-20,Brazil,CE,Sobral/CE,2312908,0,1,2020-03-26 15:52:09.506563
2020-03-20,Brazil,RS,Serafina Corrêa/RS,4320404,0,2,2020-03-26 15:52:09.506563
2020-03-20,Brazil,RS,Farroupilha/RS,4307906,0,1,2020-03-26 15:52:09.506563
2020-03-20,Brazil,MS,Sidrolândia/MS,5007901,0,1,2020-03-26 15:52:09.506563
2020-03-20,Brazil,BA,Itabuna/BA,2914802,0,1,2020-03-26 15:52:09.506563
2020-03-20,Brazil,RJ,Miguel Pereira/RJ,3302908,0,1,2020-03-26 15:52:09.506563
2020-03-20,Brazil,RS,Bagé/RS,4301602,0,2,2020-03-26 15:52:09.506563
2020-03-20,Brazil,SP,Taubaté/SP,3554102,0,1,2020-03-26 15:52:09.506563
2020-03-20,Brazil,SP,Suzano/SP,3552502,0,1,2020-03-26 15:52:09.506563
2020-03-20,Brazil,RO,Ji-Paraná/RO,1100122,0,1,2020-03-26 15:52:09.506563
2020-03-20,Brazil,CE,Juazeiro do Norte/CE,2307304,0,1,2020-03-26 15:52:09.506563
2020-03-20,Brazil,SP,Hortolândia/SP,3519071,1,1,2020-03-26 15:52:09.506563
2020-03-20,Brazil,PR,Pinhais/PR,4119152,0,1,2020-03-26 15:52:09.506563
2020-03-20,Brazil,SC,São José/SC,4216602,0,1,2020-03-26 15:52:09.506563
2020-03-20,Brazil,MG,Uberlândia/MG,3170206,0,1,2020-03-26 15:52:09.506563
2020-03-20,Brazil,PE,ESTRANGEIRO/PE,26,0,3,2020-03-26 15:52:09.506563
2020-03-20,Brazil,SP,Mogi das Cruzes/SP,3530607,1,1,2020-03-26 15:52:09.506563
2020-03-20,Brazil,MG,Sete Lagoas/MG,3167202,0,1,2020-03-26 15:52:09.506563
2020-03-20,Brazil,RS,Bento Gonçalves/RS,4302105,1,1,2020-03-26 15:52:09.506563
2020-03-20,Brazil,MT,Cuiabá/MT,5103403,1,1,2020-03-26 15:52:09.506563
2020-03-20,Brazil,RJ,Barra Mansa/RJ,3300407,0,1,2020-03-26 15:52:09.506563
2020-03-20,Brazil,ES,Vila Velha/ES,3205200,0,7,2020-03-26 15:52:09.506563
2020-03-20,Brazil,RS,Campo Bom/RS,4303905,0,2,2020-03-26 15:52:09.506563
2020-03-20,Brazil,RS,Caxias do Sul/RS,4305108,0,2,2020-03-26 15:52:09.506563
2020-03-20,Brazil,PR,Cianorte/PR,4105508,0,2,2020-03-26 15:52:09.506563
2020-03-20,Brazil,SP,Ferraz de Vasconcelos/SP,3515707,0,1,2020-03-26 15:52:09.506563
2020-03-20,Brazil,MG,Ipatinga/MG,3131307,0,1,2020-03-26 15:52:09.506563
2020-03-20,Brazil,GO,Rio Verde/GO,5218805,0,3,2020-03-26 15:52:09.506563
2020-03-20,Brazil,BA,Salvador/BA,2927408,0,18,2020-03-26 15:52:09.506563
2020-03-20,Brazil,SC,Rancho Queimado/SC,4214300,0,2,2020-03-26 15:52:09.506563
2020-03-20,Brazil,MG,Divinópolis/MG,3122306,0,1,2020-03-26 15:52:09.506563
2020-03-20,Brazil,MG,Patrocínio/MG,3148103,0,1,2020-03-26 15:52:09.506563
2020-03-20,Brazil,SP,Mauá/SP,3529401,0,1,2020-03-26 15:52:09.506563
2020-03-20,Brazil,BA,Prado/BA,2925501,0,1,2020-03-26 15:52:09.506563
2020-03-20,Brazil,SE,Aracaju/SE,2800308,0,5,2020-03-26 15:52:09.506563
2020-03-20,Brazil,PE,Belo Jardim/PE,2601706,0,1,2020-03-26 15:52:09.506563
2020-03-20,Brazil,BA,Porto Seguro/BA,2925303,0,4,2020-03-26 15:52:09.506563
2020-03-20,Brazil,CE,Aquiraz/CE,2301000,0,1,2020-03-26 15:52:09.506563
2020-03-20,Brazil,GO,Anápolis/GO,5201108,0,2,2020-03-26 15:52:09.506563
2020-03-20,Brazil,MG,Coronel Fabriciano/MG,3119401,0,1,2020-03-26 15:52:09.506563
2020-03-20,Brazil,TOTAL,TOTAL,2307304,318,1013,2020-03-26 15:52:09.506563
2020-03-20,Brazil,SC,Braço do Norte/SC,4202800,0,4,2020-03-26 15:52:09.506563
2020-03-20,Brazil,SP,Carapicuíba/SP,3510609,0,2,2020-03-26 15:52:09.506563
2020-03-20,Brazil,ES,Linhares/ES,3203205,0,1,2020-03-26 15:52:09.506563
2020-03-19,Brazil,MS,Sidrolândia/MS,5007901,1,1,2020-03-26 15:52:09.506563
2020-03-19,Brazil,BA,Lauro de Freitas/BA,2919207,2,2,2020-03-26 15:52:09.506563
2020-03-19,Brazil,SP,Taubaté/SP,3554102,1,1,2020-03-26 15:52:09.506563
2020-03-19,Brazil,BA,Itabuna/BA,2914802,1,1,2020-03-26 15:52:09.506563
2020-03-19,Brazil,RJ,Miguel Pereira/RJ,3302908,1,1,2020-03-26 15:52:09.506563
2020-03-19,Brazil,RS,Bagé/RS,4301602,2,2,2020-03-26 15:52:09.506563
2020-03-19,Brazil,RS,Alvorada/RS,4300604,1,1,2020-03-26 15:52:09.506563
2020-03-19,Brazil,RS,Erechim/RS,4307005,2,2,2020-03-26 15:52:09.506563
2020-03-19,Brazil,RS,Sant'Ana do Livramento/RS,4317103,1,1,2020-03-26 15:52:09.506563
2020-03-19,Brazil,PI,Teresina/PI,2211001,3,3,2020-03-26 15:52:09.506563
2020-03-19,Brazil,ES,Vila Velha/ES,3205200,0,7,2020-03-26 15:52:09.506563
2020-03-19,Brazil,SP,Suzano/SP,3552502,1,1,2020-03-26 15:52:09.506563
2020-03-19,Brazil,RO,Ji-Paraná/RO,1100122,1,1,2020-03-26 15:52:09.506563
2020-03-19,Brazil,CE,Juazeiro do Norte/CE,2307304,1,1,2020-03-26 15:52:09.506563
2020-03-19,Brazil,RJ,Barra Mansa/RJ,3300407,0,1,2020-03-26 15:52:09.506563
2020-03-19,Brazil,BA,Feira de Santana/BA,2910800,0,5,2020-03-26 15:52:09.506563
2020-03-19,Brazil,SP,Santana de Parnaíba/SP,3547304,0,1,2020-03-26 15:52:09.506563
2020-03-19,Brazil,MG,Divinópolis/MG,3122306,0,1,2020-03-26 15:52:09.506563
2020-03-19,Brazil,RS,Serafina Corrêa/RS,4320404,1,2,2020-03-26 15:52:09.506563
2020-03-19,Brazil,RS,Caxias do Sul/RS,4305108,0,2,2020-03-26 15:52:09.506563
2020-03-19,Brazil,RS,Campo Bom/RS,4303905,0,2,2020-03-26 15:52:09.506563
2020-03-19,Brazil,SC,São José/SC,4216602,1,1,2020-03-26 15:52:09.506563
2020-03-19,Brazil,SC,Florianópolis/SC,4205407,1,6,2020-03-26 15:52:09.506563
2020-03-19,Brazil,SP,Cotia/SP,3513009,1,2,2020-03-26 15:52:09.506563
2020-03-19,Brazil,SC,Balneário Camboriú/SC,4202008,2,4,2020-03-26 15:52:09.506563
2020-03-19,Brazil,SP,São Paulo/SP,3550308,39,267,2020-03-26 15:52:09.506563
2020-03-19,Brazil,SP,Ferraz de Vasconcelos/SP,3515707,0,1,2020-03-26 15:52:09.506563
2020-03-19,Brazil,RJ,Rio de Janeiro/RJ,3304557,1,56,2020-03-26 15:52:09.506563
2020-03-19,Brazil,DF,Brasília/DF,5300108,48,84,2020-03-26 15:52:09.506563
2020-03-19,Brazil,AL,Maceió/AL,2704302,3,4,2020-03-26 15:52:09.506563
2020-03-19,Brazil,RJ,Niterói/RJ,3303302,1,7,2020-03-26 15:52:09.506563
2020-03-19,Brazil,RS,Porto Alegre/RS,4314902,2,23,2020-03-26 15:52:09.506563
2020-03-19,Brazil,PE,Recife/PE,2611606,6,23,2020-03-26 15:52:09.506563
2020-03-19,Brazil,PR,Curitiba/PR,4106902,9,16,2020-03-26 15:52:09.506563
2020-03-19,Brazil,GO,Goiânia/GO,5208707,3,8,2020-03-26 15:52:09.506563
2020-03-19,Brazil,BA,Salvador/BA,2927408,1,18,2020-03-26 15:52:09.506563
2020-03-19,Brazil,AM,Manaus/AM,1302603,1,3,2020-03-26 15:52:09.506563
2020-03-19,Brazil,SC,Joinville/SC,4209102,1,2,2020-03-26 15:52:09.506563
2020-03-19,Brazil,MS,Campo Grande/MS,5002704,1,8,2020-03-26 15:52:09.506563
2020-03-19,Brazil,ES,Vitória/ES,3205309,2,5,2020-03-26 15:52:09.506563
2020-03-19,Brazil,SP,Carapicuíba/SP,3510609,1,2,2020-03-26 15:52:09.506563
2020-03-19,Brazil,SC,Braço do Norte/SC,4202800,2,4,2020-03-26 15:52:09.506563
2020-03-19,Brazil,CE,Fortaleza/CE,2304400,4,22,2020-03-26 15:52:09.506563
2020-03-19,Brazil,MG,Belo Horizonte/MG,3106200,8,18,2020-03-26 15:52:09.506563
2020-03-19,Brazil,AC,Rio Branco/AC,1200401,1,4,2020-03-26 15:52:09.506563
2020-03-19,Brazil,MG,Nova Lima/MG,3144805,1,2,2020-03-26 15:52:09.506563
2020-03-19,Brazil,PR,Cianorte/PR,4105508,0,2,2020-03-26 15:52:09.506563
2020-03-19,Brazil,PR,Campo Largo/PR,4104204,0,1,2020-03-26 15:52:09.506563
2020-03-19,Brazil,MG,Ipatinga/MG,3131307,0,1,2020-03-26 15:52:09.506563
2020-03-19,Brazil,SP,São José do Rio Preto/SP,3549805,0,1,2020-03-26 15:52:09.506563
2020-03-19,Brazil,GO,Jataí/GO,5211909,0,1,2020-03-26 15:52:09.506563
2020-03-19,Brazil,GO,Aparecida de Goiânia/GO,5201405,0,1,2020-03-26 15:52:09.506563
2020-03-19,Brazil,PR,Maringá/PR,4115200,0,1,2020-03-26 15:52:09.506563
2020-03-19,Brazil,PR,Foz do Iguaçu/PR,4108304,0,1,2020-03-26 15:52:09.506563
2020-03-19,Brazil,PA,Belém/PA,1501402,0,1,2020-03-26 15:52:09.506563
2020-03-19,Brazil,SE,Propriá/SE,2805703,0,1,2020-03-26 15:52:09.506563
2020-03-19,Brazil,GO,Rio Verde/GO,5218805,0,3,2020-03-26 15:52:09.506563
2020-03-19,Brazil,RJ,Guapimirim/RJ,3301850,0,1,2020-03-26 15:52:09.506563
2020-03-19,Brazil,SP,Jaguariúna/SP,3524709,0,1,2020-03-26 15:52:09.506563
2020-03-19,Brazil,SP,Campinas/SP,3509502,0,1,2020-03-26 15:52:09.506563
2020-03-19,Brazil,MT,Rondonópolis/MT,5107602,0,1,2020-03-26 15:52:09.506563
2020-03-19,Brazil,SP,Guarulhos/SP,3518800,0,1,2020-03-26 15:52:09.506563
2020-03-19,Brazil,SP,Barueri/SP,3505708,0,1,2020-03-26 15:52:09.506563
2020-03-19,Brazil,MG,Uberaba/MG,3170107,0,1,2020-03-26 15:52:09.506563
2020-03-19,Brazil,SC,Tubarão/SC,4218707,0,1,2020-03-26 15:52:09.506563
2020-03-19,Brazil,SC,ESTRANGEIRO/SC,42,0,2,2020-03-26 15:52:09.506563
2020-03-19,Brazil,CE,Sobral/CE,2312908,0,1,2020-03-26 15:52:09.506563
2020-03-19,Brazil,RS,Torres/RS,4321501,0,1,2020-03-26 15:52:09.506563
2020-03-19,Brazil,RS,Farroupilha/RS,4307906,0,1,2020-03-26 15:52:09.506563
2020-03-19,Brazil,TOTAL,TOTAL,4307906,159,695,2020-03-26 15:52:09.506563
2020-03-19,Brazil,TO,Palmas/TO,1721000,0,1,2020-03-26 15:52:09.506563
2020-03-19,Brazil,PB,João Pessoa/PB,2507507,0,1,2020-03-26 15:52:09.506563
2020-03-19,Brazil,PR,Londrina/PR,4113700,0,1,2020-03-26 15:52:09.506563
2020-03-19,Brazil,MG,Coronel Fabriciano/MG,3119401,0,1,2020-03-26 15:52:09.506563
2020-03-19,Brazil,RN,Natal/RN,2408102,0,1,2020-03-26 15:52:09.506563
2020-03-19,Brazil,PR,Pinhais/PR,4119152,0,1,2020-03-26 15:52:09.506563
2020-03-19,Brazil,PE,ESTRANGEIRO/PE,26,0,3,2020-03-26 15:52:09.506563
2020-03-19,Brazil,MG,Juiz de Fora/MG,3136702,0,2,2020-03-26 15:52:09.506563
2020-03-19,Brazil,MG,Patrocínio/MG,3148103,0,1,2020-03-26 15:52:09.506563
2020-03-19,Brazil,SE,Aracaju/SE,2800308,0,5,2020-03-26 15:52:09.506563
2020-03-19,Brazil,ES,Linhares/ES,3203205,0,1,2020-03-26 15:52:09.506563
2020-03-19,Brazil,SP,São Bernardo do Campo/SP,3548708,0,3,2020-03-26 15:52:09.506563
2020-03-19,Brazil,SP,São Caetano do Sul/SP,3548807,0,1,2020-03-26 15:52:09.506563
2020-03-19,Brazil,SC,Rancho Queimado/SC,4214300,0,2,2020-03-26 15:52:09.506563
2020-03-19,Brazil,SP,Mauá/SP,3529401,0,1,2020-03-26 15:52:09.506563
2020-03-19,Brazil,BA,Prado/BA,2925501,0,1,2020-03-26 15:52:09.506563
2020-03-19,Brazil,CE,Aquiraz/CE,2301000,0,1,2020-03-26 15:52:09.506563
2020-03-19,Brazil,MG,Sete Lagoas/MG,3167202,0,1,2020-03-26 15:52:09.506563
2020-03-19,Brazil,SP,Santo André/SP,3547809,0,2,2020-03-26 15:52:09.506563
2020-03-19,Brazil,MG,Uberlândia/MG,3170206,0,1,2020-03-26 15:52:09.506563
2020-03-19,Brazil,PE,Jaboatão dos Guararapes/PE,2607901,0,1,2020-03-26 15:52:09.506563
2020-03-19,Brazil,PE,Belo Jardim/PE,2601706,0,1,2020-03-26 15:52:09.506563
2020-03-19,Brazil,BA,Porto Seguro/BA,2925303,0,4,2020-03-26 15:52:09.506563
2020-03-19,Brazil,GO,Anápolis/GO,5201108,0,2,2020-03-26 15:52:09.506563
2020-03-18,Brazil,SP,São José do Rio Preto/SP,3549805,1,1,2020-03-26 15:52:09.506563
2020-03-18,Brazil,SC,Balneário Camboriú/SC,4202008,2,2,2020-03-26 15:52:09.506563
2020-03-18,Brazil,PR,Maringá/PR,4115200,1,1,2020-03-26 15:52:09.506563
2020-03-18,Brazil,PR,Foz do Iguaçu/PR,4108304,1,1,2020-03-26 15:52:09.506563
2020-03-18,Brazil,PA,Belém/PA,1501402,1,1,2020-03-26 15:52:09.506563
2020-03-18,Brazil,SE,Propriá/SE,2805703,1,1,2020-03-26 15:52:09.506563
2020-03-18,Brazil,PB,João Pessoa/PB,2507507,1,1,2020-03-26 15:52:09.506563
2020-03-18,Brazil,RJ,Guapimirim/RJ,3301850,1,1,2020-03-26 15:52:09.506563
2020-03-18,Brazil,SP,Jaguariúna/SP,3524709,1,1,2020-03-26 15:52:09.506563
2020-03-18,Brazil,SC,Tubarão/SC,4218707,1,1,2020-03-26 15:52:09.506563
2020-03-18,Brazil,GO,Jataí/GO,5211909,1,1,2020-03-26 15:52:09.506563
2020-03-18,Brazil,SP,Barueri/SP,3505708,1,1,2020-03-26 15:52:09.506563
2020-03-18,Brazil,SP,Cotia/SP,3513009,1,1,2020-03-26 15:52:09.506563
2020-03-18,Brazil,MG,Uberaba/MG,3170107,1,1,2020-03-26 15:52:09.506563
2020-03-18,Brazil,SC,ESTRANGEIRO/SC,42,2,2,2020-03-26 15:52:09.506563
2020-03-18,Brazil,CE,Sobral/CE,2312908,1,1,2020-03-26 15:52:09.506563
2020-03-18,Brazil,RS,Serafina Corrêa/RS,4320404,1,1,2020-03-26 15:52:09.506563
2020-03-18,Brazil,RS,Torres/RS,4321501,1,1,2020-03-26 15:52:09.506563
2020-03-18,Brazil,GO,Aparecida de Goiânia/GO,5201405,1,1,2020-03-26 15:52:09.506563
2020-03-18,Brazil,SP,Campinas/SP,3509502,1,1,2020-03-26 15:52:09.506563
2020-03-18,Brazil,TO,Palmas/TO,1721000,1,1,2020-03-26 15:52:09.506563
2020-03-18,Brazil,SP,Santo André/SP,3547809,1,2,2020-03-26 15:52:09.506563
2020-03-18,Brazil,RJ,Barra Mansa/RJ,3300407,0,1,2020-03-26 15:52:09.506563
2020-03-18,Brazil,SP,São Paulo/SP,3550308,72,228,2020-03-26 15:52:09.506563
2020-03-18,Brazil,ES,Vila Velha/ES,3205200,1,7,2020-03-26 15:52:09.506563
2020-03-18,Brazil,RJ,Rio de Janeiro/RJ,3304557,23,55,2020-03-26 15:52:09.506563
2020-03-18,Brazil,DF,Brasília/DF,5300108,10,36,2020-03-26 15:52:09.506563
2020-03-18,Brazil,RS,Campo Bom/RS,4303905,1,2,2020-03-26 15:52:09.506563
2020-03-18,Brazil,RS,Porto Alegre/RS,4314902,5,21,2020-03-26 15:52:09.506563
2020-03-18,Brazil,PE,Recife/PE,2611606,3,17,2020-03-26 15:52:09.506563
2020-03-18,Brazil,SC,Florianópolis/SC,4205407,2,5,2020-03-26 15:52:09.506563
2020-03-18,Brazil,BA,Salvador/BA,2927408,10,17,2020-03-26 15:52:09.506563
2020-03-18,Brazil,MS,Campo Grande/MS,5002704,1,7,2020-03-26 15:52:09.506563
2020-03-18,Brazil,ES,Vitória/ES,3205309,2,3,2020-03-26 15:52:09.506563
2020-03-18,Brazil,SC,Braço do Norte/SC,4202800,1,2,2020-03-26 15:52:09.506563
2020-03-18,Brazil,SP,São Bernardo do Campo/SP,3548708,1,3,2020-03-26 15:52:09.506563
2020-03-18,Brazil,CE,Fortaleza/CE,2304400,8,18,2020-03-26 15:52:09.506563
2020-03-18,Brazil,MG,Belo Horizonte/MG,3106200,5,10,2020-03-26 15:52:09.506563
2020-03-18,Brazil,BA,Porto Seguro/BA,2925303,1,4,2020-03-26 15:52:09.506563
2020-03-18,Brazil,RS,Farroupilha/RS,4307906,1,1,2020-03-26 15:52:09.506563
2020-03-18,Brazil,SP,Guarulhos/SP,3518800,1,1,2020-03-26 15:52:09.506563
2020-03-18,Brazil,BA,Feira de Santana/BA,2910800,0,5,2020-03-26 15:52:09.506563
2020-03-18,Brazil,SE,Aracaju/SE,2800308,0,5,2020-03-26 15:52:09.506563
2020-03-18,Brazil,SP,Carapicuíba/SP,3510609,0,1,2020-03-26 15:52:09.506563
2020-03-18,Brazil,SP,São Caetano do Sul/SP,3548807,0,1,2020-03-26 15:52:09.506563
2020-03-18,Brazil,MG,Coronel Fabriciano/MG,3119401,0,1,2020-03-26 15:52:09.506563
2020-03-18,Brazil,SP,Mauá/SP,3529401,0,1,2020-03-26 15:52:09.506563
2020-03-18,Brazil,CE,Aquiraz/CE,2301000,0,1,2020-03-26 15:52:09.506563
2020-03-18,Brazil,GO,Anápolis/GO,5201108,0,2,2020-03-26 15:52:09.506563
2020-03-18,Brazil,PE,Belo Jardim/PE,2601706,0,1,2020-03-26 15:52:09.506563
2020-03-18,Brazil,PE,Jaboatão dos Guararapes/PE,2607901,0,1,2020-03-26 15:52:09.506563
2020-03-18,Brazil,BA,Prado/BA,2925501,0,1,2020-03-26 15:52:09.506563
2020-03-18,Brazil,AC,Rio Branco/AC,1200401,0,3,2020-03-26 15:52:09.506563
2020-03-18,Brazil,MG,Nova Lima/MG,3144805,0,1,2020-03-26 15:52:09.506563
2020-03-18,Brazil,MG,Uberlândia/MG,3170206,0,1,2020-03-26 15:52:09.506563
2020-03-18,Brazil,PR,Campo Largo/PR,4104204,0,1,2020-03-26 15:52:09.506563
2020-03-18,Brazil,PR,Pinhais/PR,4119152,0,1,2020-03-26 15:52:09.506563
2020-03-18,Brazil,PR,Londrina/PR,4113700,0,1,2020-03-26 15:52:09.506563
2020-03-18,Brazil,MT,Rondonópolis/MT,5107602,0,1,2020-03-26 15:52:09.506563
2020-03-18,Brazil,TOTAL,TOTAL,5107602,172,536,2020-03-26 15:52:09.506563
2020-03-18,Brazil,ES,Linhares/ES,3203205,0,1,2020-03-26 15:52:09.506563
2020-03-18,Brazil,MG,Sete Lagoas/MG,3167202,0,1,2020-03-26 15:52:09.506563
2020-03-18,Brazil,MG,Patrocínio/MG,3148103,0,1,2020-03-26 15:52:09.506563
2020-03-18,Brazil,AL,Maceió/AL,2704302,0,1,2020-03-26 15:52:09.506563
2020-03-18,Brazil,MG,Juiz de Fora/MG,3136702,0,2,2020-03-26 15:52:09.506563
2020-03-18,Brazil,SP,Santana de Parnaíba/SP,3547304,0,1,2020-03-26 15:52:09.506563
2020-03-18,Brazil,MG,Divinópolis/MG,3122306,0,1,2020-03-26 15:52:09.506563
2020-03-18,Brazil,RJ,Niterói/RJ,3303302,0,6,2020-03-26 15:52:09.506563
2020-03-18,Brazil,PR,Curitiba/PR,4106902,0,7,2020-03-26 15:52:09.506563
2020-03-18,Brazil,PR,Cianorte/PR,4105508,0,2,2020-03-26 15:52:09.506563
2020-03-18,Brazil,SP,Ferraz de Vasconcelos/SP,3515707,0,1,2020-03-26 15:52:09.506563
2020-03-18,Brazil,RS,Caxias do Sul/RS,4305108,0,2,2020-03-26 15:52:09.506563
2020-03-18,Brazil,MG,Ipatinga/MG,3131307,0,1,2020-03-26 15:52:09.506563
2020-03-18,Brazil,GO,Goiânia/GO,5208707,0,5,2020-03-26 15:52:09.506563
2020-03-18,Brazil,RN,Natal/RN,2408102,0,1,2020-03-26 15:52:09.506563
2020-03-18,Brazil,AM,Manaus/AM,1302603,0,2,2020-03-26 15:52:09.506563
2020-03-18,Brazil,SC,Joinville/SC,4209102,0,1,2020-03-26 15:52:09.506563
2020-03-18,Brazil,SC,Rancho Queimado/SC,4214300,0,2,2020-03-26 15:52:09.506563
2020-03-18,Brazil,GO,Rio Verde/GO,5218805,0,3,2020-03-26 15:52:09.506563
2020-03-18,Brazil,PE,ESTRANGEIRO/PE,26,0,3,2020-03-26 15:52:09.506563
2020-03-17,Brazil,PR,Pinhais/PR,4119152,1,1,2020-03-26 15:52:09.506563
2020-03-17,Brazil,SP,Santo André/SP,3547809,1,1,2020-03-26 15:52:09.506563
2020-03-17,Brazil,MG,Nova Lima/MG,3144805,1,1,2020-03-26 15:52:09.506563
2020-03-17,Brazil,MG,Sete Lagoas/MG,3167202,1,1,2020-03-26 15:52:09.506563
2020-03-17,Brazil,MG,Uberlândia/MG,3170206,1,1,2020-03-26 15:52:09.506563
2020-03-17,Brazil,PR,Campo Largo/PR,4104204,1,1,2020-03-26 15:52:09.506563
2020-03-17,Brazil,RJ,Barra Mansa/RJ,3300407,0,1,2020-03-26 15:52:09.506563
2020-03-17,Brazil,PR,Londrina/PR,4113700,1,1,2020-03-26 15:52:09.506563
2020-03-17,Brazil,MT,Rondonópolis/MT,5107602,1,1,2020-03-26 15:52:09.506563
2020-03-17,Brazil,ES,Vila Velha/ES,3205200,0,6,2020-03-26 15:52:09.506563
2020-03-17,Brazil,BA,Porto Seguro/BA,2925303,2,3,2020-03-26 15:52:09.506563
2020-03-17,Brazil,BA,Feira de Santana/BA,2910800,0,5,2020-03-26 15:52:09.506563
2020-03-17,Brazil,BA,Prado/BA,2925501,1,1,2020-03-26 15:52:09.506563
2020-03-17,Brazil,RS,Porto Alegre/RS,4314902,8,16,2020-03-26 15:52:09.506563
2020-03-17,Brazil,MG,Belo Horizonte/MG,3106200,4,5,2020-03-26 15:52:09.506563
2020-03-17,Brazil,CE,Fortaleza/CE,2304400,2,10,2020-03-26 15:52:09.506563
2020-03-17,Brazil,MS,Campo Grande/MS,5002704,2,6,2020-03-26 15:52:09.506563
2020-03-17,Brazil,AM,Manaus/AM,1302603,1,2,2020-03-26 15:52:09.506563
2020-03-17,Brazil,BA,Salvador/BA,2927408,3,7,2020-03-26 15:52:09.506563
2020-03-17,Brazil,GO,Rio Verde/GO,5218805,1,3,2020-03-26 15:52:09.506563
2020-03-17,Brazil,PR,Cianorte/PR,4105508,1,2,2020-03-26 15:52:09.506563
2020-03-17,Brazil,PE,Recife/PE,2611606,1,14,2020-03-26 15:52:09.506563
2020-03-17,Brazil,RJ,Niterói/RJ,3303302,5,6,2020-03-26 15:52:09.506563
2020-03-17,Brazil,DF,Brasília/DF,5300108,7,26,2020-03-26 15:52:09.506563
2020-03-17,Brazil,RJ,Rio de Janeiro/RJ,3304557,3,32,2020-03-26 15:52:09.506563
2020-03-17,Brazil,SP,São Paulo/SP,3550308,11,156,2020-03-26 15:52:09.506563
2020-03-17,Brazil,SP,Santana de Parnaíba/SP,3547304,0,1,2020-03-26 15:52:09.506563
2020-03-17,Brazil,AL,Maceió/AL,2704302,0,1,2020-03-26 15:52:09.506563
2020-03-17,Brazil,AC,Rio Branco/AC,1200401,3,3,2020-03-26 15:52:09.506563
2020-03-17,Brazil,MG,Divinópolis/MG,3122306,0,1,2020-03-26 15:52:09.506563
2020-03-17,Brazil,SE,Aracaju/SE,2800308,0,5,2020-03-26 15:52:09.506563
2020-03-17,Brazil,RS,Campo Bom/RS,4303905,0,1,2020-03-26 15:52:09.506563
2020-03-17,Brazil,TOTAL,TOTAL,2607901,63,364,2020-03-26 15:52:09.506563
2020-03-17,Brazil,PE,Jaboatão dos Guararapes/PE,2607901,0,1,2020-03-26 15:52:09.506563
2020-03-17,Brazil,GO,Anápolis/GO,5201108,0,2,2020-03-26 15:52:09.506563
2020-03-17,Brazil,CE,Aquiraz/CE,2301000,0,1,2020-03-26 15:52:09.506563
2020-03-17,Brazil,SP,Mauá/SP,3529401,0,1,2020-03-26 15:52:09.506563
2020-03-17,Brazil,MG,Coronel Fabriciano/MG,3119401,0,1,2020-03-26 15:52:09.506563
2020-03-17,Brazil,SP,São Caetano do Sul/SP,3548807,0,1,2020-03-26 15:52:09.506563
2020-03-17,Brazil,SP,São Bernardo do Campo/SP,3548708,0,2,2020-03-26 15:52:09.506563
2020-03-17,Brazil,SC,Braço do Norte/SC,4202800,0,1,2020-03-26 15:52:09.506563
2020-03-17,Brazil,SP,Carapicuíba/SP,3510609,0,1,2020-03-26 15:52:09.506563
2020-03-17,Brazil,ES,Vitória/ES,3205309,0,1,2020-03-26 15:52:09.506563
2020-03-17,Brazil,ES,Linhares/ES,3203205,0,1,2020-03-26 15:52:09.506563
2020-03-17,Brazil,PE,Belo Jardim/PE,2601706,0,1,2020-03-26 15:52:09.506563
2020-03-17,Brazil,MG,Patrocínio/MG,3148103,0,1,2020-03-26 15:52:09.506563
2020-03-17,Brazil,GO,Goiânia/GO,5208707,0,5,2020-03-26 15:52:09.506563
2020-03-17,Brazil,RS,Caxias do Sul/RS,4305108,0,2,2020-03-26 15:52:09.506563
2020-03-17,Brazil,PR,Curitiba/PR,4106902,0,7,2020-03-26 15:52:09.506563
2020-03-17,Brazil,SC,Florianópolis/SC,4205407,0,3,2020-03-26 15:52:09.506563
2020-03-17,Brazil,MG,Ipatinga/MG,3131307,0,1,2020-03-26 15:52:09.506563
2020-03-17,Brazil,SP,Ferraz de Vasconcelos/SP,3515707,0,1,2020-03-26 15:52:09.506563
2020-03-17,Brazil,RN,Natal/RN,2408102,0,1,2020-03-26 15:52:09.506563
2020-03-17,Brazil,SC,Joinville/SC,4209102,0,1,2020-03-26 15:52:09.506563
2020-03-17,Brazil,SC,Rancho Queimado/SC,4214300,0,2,2020-03-26 15:52:09.506563
2020-03-17,Brazil,PE,ESTRANGEIRO/PE,26,0,3,2020-03-26 15:52:09.506563
2020-03-17,Brazil,MG,Juiz de Fora/MG,3136702,0,2,2020-03-26 15:52:09.506563
2020-03-16,Brazil,GO,Anápolis/GO,5201108,2,2,2020-03-26 15:52:09.506563
2020-03-16,Brazil,PE,ESTRANGEIRO/PE,26,2,3,2020-03-26 15:52:09.506563
2020-03-16,Brazil,MG,Belo Horizonte/MG,3106200,1,1,2020-03-26 15:52:09.506563
2020-03-16,Brazil,CE,Aquiraz/CE,2301000,1,1,2020-03-26 15:52:09.506563
2020-03-16,Brazil,SP,Mauá/SP,3529401,1,1,2020-03-26 15:52:09.506563
2020-03-16,Brazil,MG,Coronel Fabriciano/MG,3119401,1,1,2020-03-26 15:52:09.506563
2020-03-16,Brazil,CE,Fortaleza/CE,2304400,5,8,2020-03-26 15:52:09.506563
2020-03-16,Brazil,SP,São Bernardo do Campo/SP,3548708,1,2,2020-03-26 15:52:09.506563
2020-03-16,Brazil,SE,Aracaju/SE,2800308,4,5,2020-03-26 15:52:09.506563
2020-03-16,Brazil,MG,Juiz de Fora/MG,3136702,1,2,2020-03-26 15:52:09.506563
2020-03-16,Brazil,MS,Campo Grande/MS,5002704,2,4,2020-03-26 15:52:09.506563
2020-03-16,Brazil,RS,Caxias do Sul/RS,4305108,1,2,2020-03-26 15:52:09.506563
2020-03-16,Brazil,GO,Goiânia/GO,5208707,2,5,2020-03-26 15:52:09.506563
2020-03-16,Brazil,GO,Rio Verde/GO,5218805,1,2,2020-03-26 15:52:09.506563
2020-03-16,Brazil,SC,Florianópolis/SC,4205407,1,3,2020-03-26 15:52:09.506563
2020-03-16,Brazil,PR,Curitiba/PR,4106902,2,7,2020-03-26 15:52:09.506563
2020-03-16,Brazil,SP,São Paulo/SP,3550308,14,145,2020-03-26 15:52:09.506563
2020-03-16,Brazil,PE,Recife/PE,2611606,6,13,2020-03-26 15:52:09.506563
2020-03-16,Brazil,RS,Porto Alegre/RS,4314902,3,8,2020-03-26 15:52:09.506563
2020-03-16,Brazil,DF,Brasília/DF,5300108,5,19,2020-03-26 15:52:09.506563
2020-03-16,Brazil,RJ,Rio de Janeiro/RJ,3304557,7,29,2020-03-26 15:52:09.506563
2020-03-16,Brazil,ES,Vila Velha/ES,3205200,4,6,2020-03-26 15:52:09.506563
2020-03-16,Brazil,PE,Belo Jardim/PE,2601706,1,1,2020-03-26 15:52:09.506563
2020-03-16,Brazil,BA,Porto Seguro/BA,2925303,1,1,2020-03-26 15:52:09.506563
2020-03-16,Brazil,SP,Santana de Parnaíba/SP,3547304,0,1,2020-03-26 15:52:09.506563
2020-03-16,Brazil,PE,Jaboatão dos Guararapes/PE,2607901,1,1,2020-03-26 15:52:09.506563
2020-03-16,Brazil,AM,Manaus/AM,1302603,0,1,2020-03-26 15:52:09.506563
2020-03-16,Brazil,TOTAL,TOTAL,3548807,70,301,2020-03-26 15:52:09.506563
2020-03-16,Brazil,RJ,Barra Mansa/RJ,3300407,0,1,2020-03-26 15:52:09.506563
2020-03-16,Brazil,SC,Braço do Norte/SC,4202800,0,1,2020-03-26 15:52:09.506563
2020-03-16,Brazil,SP,Carapicuíba/SP,3510609,0,1,2020-03-26 15:52:09.506563
2020-03-16,Brazil,ES,Vitória/ES,3205309,0,1,2020-03-26 15:52:09.506563
2020-03-16,Brazil,ES,Linhares/ES,3203205,0,1,2020-03-26 15:52:09.506563
2020-03-16,Brazil,MG,Patrocínio/MG,3148103,0,1,2020-03-26 15:52:09.506563
2020-03-16,Brazil,SC,Rancho Queimado/SC,4214300,0,2,2020-03-26 15:52:09.506563
2020-03-16,Brazil,SC,Joinville/SC,4209102,0,1,2020-03-26 15:52:09.506563
2020-03-16,Brazil,SP,São Caetano do Sul/SP,3548807,0,1,2020-03-26 15:52:09.506563
2020-03-16,Brazil,BA,Salvador/BA,2927408,0,4,2020-03-26 15:52:09.506563
2020-03-16,Brazil,RJ,Niterói/RJ,3303302,0,1,2020-03-26 15:52:09.506563
2020-03-16,Brazil,RN,Natal/RN,2408102,0,1,2020-03-26 15:52:09.506563
2020-03-16,Brazil,AL,Maceió/AL,2704302,0,1,2020-03-26 15:52:09.506563
2020-03-16,Brazil,MG,Divinópolis/MG,3122306,0,1,2020-03-26 15:52:09.506563
2020-03-16,Brazil,BA,Feira de Santana/BA,2910800,0,5,2020-03-26 15:52:09.506563
2020-03-16,Brazil,RS,Campo Bom/RS,4303905,0,1,2020-03-26 15:52:09.506563
2020-03-16,Brazil,PR,Cianorte/PR,4105508,0,1,2020-03-26 15:52:09.506563
2020-03-16,Brazil,SP,Ferraz de Vasconcelos/SP,3515707,0,1,2020-03-26 15:52:09.506563
2020-03-16,Brazil,MG,Ipatinga/MG,3131307,0,1,2020-03-26 15:52:09.506563
2020-03-15,Brazil,RJ,Barra Mansa/RJ,3300407,0,1,2020-03-26 15:52:09.506563
2020-03-15,Brazil,RS,Porto Alegre/RS,4314902,0,5,2020-03-26 15:52:09.506563
2020-03-15,Brazil,SP,São Paulo/SP,3550308,69,131,2020-03-26 15:52:09.506563
2020-03-15,Brazil,RJ,Niterói/RJ,3303302,0,1,2020-03-26 15:52:09.506563
2020-03-15,Brazil,MG,Divinópolis/MG,3122306,0,1,2020-03-26 15:52:09.506563
2020-03-15,Brazil,SP,Santana de Parnaíba/SP,3547304,0,1,2020-03-26 15:52:09.506563
2020-03-15,Brazil,AL,Maceió/AL,2704302,0,1,2020-03-26 15:52:09.506563
2020-03-15,Brazil,RJ,Rio de Janeiro/RJ,3304557,0,22,2020-03-26 15:52:09.506563
2020-03-15,Brazil,ES,Vila Velha/ES,3205200,0,2,2020-03-26 15:52:09.506563
2020-03-15,Brazil,BA,Salvador/BA,2927408,1,4,2020-03-26 15:52:09.506563
2020-03-15,Brazil,CE,Fortaleza/CE,2304400,3,3,2020-03-26 15:52:09.506563
2020-03-15,Brazil,SP,São Caetano do Sul/SP,3548807,1,1,2020-03-26 15:52:09.506563
2020-03-15,Brazil,SP,São Bernardo do Campo/SP,3548708,1,1,2020-03-26 15:52:09.506563
2020-03-15,Brazil,SC,Braço do Norte/SC,4202800,1,1,2020-03-26 15:52:09.506563
2020-03-15,Brazil,PE,Recife/PE,2611606,1,7,2020-03-26 15:52:09.506563
2020-03-15,Brazil,DF,Brasília/DF,5300108,6,14,2020-03-26 15:52:09.506563
2020-03-15,Brazil,BA,Feira de Santana/BA,2910800,1,5,2020-03-26 15:52:09.506563
2020-03-15,Brazil,PR,Curitiba/PR,4106902,0,5,2020-03-26 15:52:09.506563
2020-03-15,Brazil,RS,Caxias do Sul/RS,4305108,0,1,2020-03-26 15:52:09.506563
2020-03-15,Brazil,RS,Campo Bom/RS,4303905,0,1,2020-03-26 15:52:09.506563
2020-03-15,Brazil,PR,Cianorte/PR,4105508,0,1,2020-03-26 15:52:09.506563
2020-03-15,Brazil,PE,ESTRANGEIRO/PE,26,0,1,2020-03-26 15:52:09.506563
2020-03-15,Brazil,SP,Ferraz de Vasconcelos/SP,3515707,0,1,2020-03-26 15:52:09.506563
2020-03-15,Brazil,SP,Carapicuíba/SP,3510609,0,1,2020-03-26 15:52:09.506563
2020-03-15,Brazil,ES,Vitória/ES,3205309,0,1,2020-03-26 15:52:09.506563
2020-03-15,Brazil,ES,Linhares/ES,3203205,0,1,2020-03-26 15:52:09.506563
2020-03-15,Brazil,SE,Aracaju/SE,2800308,0,1,2020-03-26 15:52:09.506563
2020-03-15,Brazil,MG,Patrocínio/MG,3148103,0,1,2020-03-26 15:52:09.506563
2020-03-15,Brazil,MG,Juiz de Fora/MG,3136702,0,1,2020-03-26 15:52:09.506563
2020-03-15,Brazil,MS,Campo Grande/MS,5002704,0,2,2020-03-26 15:52:09.506563
2020-03-15,Brazil,TOTAL,TOTAL,3510609,84,231,2020-03-26 15:52:09.506563
2020-03-15,Brazil,SC,Rancho Queimado/SC,4214300,0,2,2020-03-26 15:52:09.506563
2020-03-15,Brazil,AM,Manaus/AM,1302603,0,1,2020-03-26 15:52:09.506563
2020-03-15,Brazil,RN,Natal/RN,2408102,0,1,2020-03-26 15:52:09.506563
2020-03-15,Brazil,GO,Goiânia/GO,5208707,0,3,2020-03-26 15:52:09.506563
2020-03-15,Brazil,GO,Rio Verde/GO,5218805,0,1,2020-03-26 15:52:09.506563
2020-03-15,Brazil,MG,Ipatinga/MG,3131307,0,1,2020-03-26 15:52:09.506563
2020-03-15,Brazil,SC,Florianópolis/SC,4205407,0,2,2020-03-26 15:52:09.506563
2020-03-15,Brazil,SC,Joinville/SC,4209102,0,1,2020-03-26 15:52:09.506563
2020-03-14,Brazil,MS,Campo Grande/MS,5002704,2,2,2020-03-26 15:52:09.506563
2020-03-14,Brazil,RJ,Barra Mansa/RJ,3300407,0,1,2020-03-26 15:52:09.506563
2020-03-14,Brazil,SP,São Paulo/SP,3550308,0,62,2020-03-26 15:52:09.506563
2020-03-14,Brazil,SP,Carapicuíba/SP,3510609,1,1,2020-03-26 15:52:09.506563
2020-03-14,Brazil,ES,Vitória/ES,3205309,1,1,2020-03-26 15:52:09.506563
2020-03-14,Brazil,ES,Linhares/ES,3203205,1,1,2020-03-26 15:52:09.506563
2020-03-14,Brazil,SE,Aracaju/SE,2800308,1,1,2020-03-26 15:52:09.506563
2020-03-14,Brazil,MG,Patrocínio/MG,3148103,1,1,2020-03-26 15:52:09.506563
2020-03-14,Brazil,PE,Recife/PE,2611606,4,6,2020-03-26 15:52:09.506563
2020-03-14,Brazil,PE,ESTRANGEIRO/PE,26,1,1,2020-03-26 15:52:09.506563
2020-03-14,Brazil,SC,Rancho Queimado/SC,4214300,2,2,2020-03-26 15:52:09.506563
2020-03-14,Brazil,GO,Goiânia/GO,5208707,1,3,2020-03-26 15:52:09.506563
2020-03-14,Brazil,RS,Porto Alegre/RS,4314902,1,5,2020-03-26 15:52:09.506563
2020-03-14,Brazil,DF,Brasília/DF,5300108,5,8,2020-03-26 15:52:09.506563
2020-03-14,Brazil,RJ,Rio de Janeiro/RJ,3304557,5,22,2020-03-26 15:52:09.506563
2020-03-14,Brazil,BA,Feira de Santana/BA,2910800,0,4,2020-03-26 15:52:09.506563
2020-03-14,Brazil,ES,Vila Velha/ES,3205200,0,2,2020-03-26 15:52:09.506563
2020-03-14,Brazil,MG,Juiz de Fora/MG,3136702,1,1,2020-03-26 15:52:09.506563
2020-03-14,Brazil,AL,Maceió/AL,2704302,0,1,2020-03-26 15:52:09.506563
2020-03-14,Brazil,SC,Florianópolis/SC,4205407,0,2,2020-03-26 15:52:09.506563
2020-03-14,Brazil,SP,Santana de Parnaíba/SP,3547304,0,1,2020-03-26 15:52:09.506563
2020-03-14,Brazil,TOTAL,TOTAL,4209102,27,147,2020-03-26 15:52:09.506563
2020-03-14,Brazil,SC,Joinville/SC,4209102,0,1,2020-03-26 15:52:09.506563
2020-03-14,Brazil,BA,Salvador/BA,2927408,0,3,2020-03-26 15:52:09.506563
2020-03-14,Brazil,RN,Natal/RN,2408102,0,1,2020-03-26 15:52:09.506563
2020-03-14,Brazil,GO,Rio Verde/GO,5218805,0,1,2020-03-26 15:52:09.506563
2020-03-14,Brazil,MG,Ipatinga/MG,3131307,0,1,2020-03-26 15:52:09.506563
2020-03-14,Brazil,AM,Manaus/AM,1302603,0,1,2020-03-26 15:52:09.506563
2020-03-14,Brazil,PR,Cianorte/PR,4105508,0,1,2020-03-26 15:52:09.506563
2020-03-14,Brazil,PR,Curitiba/PR,4106902,0,5,2020-03-26 15:52:09.506563
2020-03-14,Brazil,RS,Caxias do Sul/RS,4305108,0,1,2020-03-26 15:52:09.506563
2020-03-14,Brazil,RS,Campo Bom/RS,4303905,0,1,2020-03-26 15:52:09.506563
2020-03-14,Brazil,RJ,Niterói/RJ,3303302,0,1,2020-03-26 15:52:09.506563
2020-03-14,Brazil,MG,Divinópolis/MG,3122306,0,1,2020-03-26 15:52:09.506563
2020-03-14,Brazil,SP,Ferraz de Vasconcelos/SP,3515707,0,1,2020-03-26 15:52:09.506563
2020-03-13,Brazil,BA,Feira de Santana/BA,2910800,1,4,2020-03-26 15:52:09.506563
2020-03-13,Brazil,SP,São Paulo/SP,3550308,0,62,2020-03-26 15:52:09.506563
2020-03-13,Brazil,AL,Maceió/AL,2704302,0,1,2020-03-26 15:52:09.506563
2020-03-13,Brazil,DF,Brasília/DF,5300108,0,3,2020-03-26 15:52:09.506563
2020-03-13,Brazil,ES,Vila Velha/ES,3205200,0,2,2020-03-26 15:52:09.506563
2020-03-13,Brazil,RJ,Barra Mansa/RJ,3300407,0,1,2020-03-26 15:52:09.506563
2020-03-13,Brazil,BA,Salvador/BA,2927408,3,3,2020-03-26 15:52:09.506563
2020-03-13,Brazil,SC,Joinville/SC,4209102,1,1,2020-03-26 15:52:09.506563
2020-03-13,Brazil,AM,Manaus/AM,1302603,1,1,2020-03-26 15:52:09.506563
2020-03-13,Brazil,RS,Porto Alegre/RS,4314902,2,4,2020-03-26 15:52:09.506563
2020-03-13,Brazil,RJ,Rio de Janeiro/RJ,3304557,3,17,2020-03-26 15:52:09.506563
2020-03-13,Brazil,MG,Divinópolis/MG,3122306,0,1,2020-03-26 15:52:09.506563
2020-03-13,Brazil,SP,Santana de Parnaíba/SP,3547304,0,1,2020-03-26 15:52:09.506563
2020-03-13,Brazil,RS,Caxias do Sul/RS,4305108,0,1,2020-03-26 15:52:09.506563
2020-03-13,Brazil,RJ,Niterói/RJ,3303302,0,1,2020-03-26 15:52:09.506563
2020-03-13,Brazil,MG,Ipatinga/MG,3131307,0,1,2020-03-26 15:52:09.506563
2020-03-13,Brazil,RS,Campo Bom/RS,4303905,0,1,2020-03-26 15:52:09.506563
2020-03-13,Brazil,TOTAL,TOTAL,2408102,11,120,2020-03-26 15:52:09.506563
2020-03-13,Brazil,RN,Natal/RN,2408102,0,1,2020-03-26 15:52:09.506563
2020-03-13,Brazil,GO,Goiânia/GO,5208707,0,2,2020-03-26 15:52:09.506563
2020-03-13,Brazil,GO,Rio Verde/GO,5218805,0,1,2020-03-26 15:52:09.506563
2020-03-13,Brazil,SC,Florianópolis/SC,4205407,0,2,2020-03-26 15:52:09.506563
2020-03-13,Brazil,SP,Ferraz de Vasconcelos/SP,3515707,0,1,2020-03-26 15:52:09.506563
2020-03-13,Brazil,PR,Cianorte/PR,4105508,0,1,2020-03-26 15:52:09.506563
2020-03-13,Brazil,PR,Curitiba/PR,4106902,0,5,2020-03-26 15:52:09.506563
2020-03-13,Brazil,PE,Recife/PE,2611606,0,2,2020-03-26 15:52:09.506563
2020-03-12,Brazil,PE,Recife/PE,2611606,2,2,2020-03-26 15:52:09.506563
2020-03-12,Brazil,SP,Ferraz de Vasconcelos/SP,3515707,1,1,2020-03-26 15:52:09.506563
2020-03-12,Brazil,PR,Cianorte/PR,4105508,1,1,2020-03-26 15:52:09.506563
2020-03-12,Brazil,PR,Curitiba/PR,4106902,5,5,2020-03-26 15:52:09.506563
2020-03-12,Brazil,RS,Caxias do Sul/RS,4305108,1,1,2020-03-26 15:52:09.506563
2020-03-12,Brazil,MG,Ipatinga/MG,3131307,1,1,2020-03-26 15:52:09.506563
2020-03-12,Brazil,RS,Porto Alegre/RS,4314902,1,2,2020-03-26 15:52:09.506563
2020-03-12,Brazil,SP,São Paulo/SP,3550308,18,62,2020-03-26 15:52:09.506563
2020-03-12,Brazil,DF,Brasília/DF,5300108,1,3,2020-03-26 15:52:09.506563
2020-03-12,Brazil,RJ,Rio de Janeiro/RJ,3304557,2,14,2020-03-26 15:52:09.506563
2020-03-12,Brazil,ES,Vila Velha/ES,3205200,1,2,2020-03-26 15:52:09.506563
2020-03-12,Brazil,SC,Florianópolis/SC,4205407,2,2,2020-03-26 15:52:09.506563
2020-03-12,Brazil,MG,Divinópolis/MG,3122306,0,1,2020-03-26 15:52:09.506563
2020-03-12,Brazil,GO,Rio Verde/GO,5218805,1,1,2020-03-26 15:52:09.506563
2020-03-12,Brazil,RN,Natal/RN,2408102,1,1,2020-03-26 15:52:09.506563
2020-03-12,Brazil,RJ,Barra Mansa/RJ,3300407,0,1,2020-03-26 15:52:09.506563
2020-03-12,Brazil,BA,Feira de Santana/BA,2910800,0,3,2020-03-26 15:52:09.506563
2020-03-12,Brazil,AL,Maceió/AL,2704302,0,1,2020-03-26 15:52:09.506563
2020-03-12,Brazil,SP,Santana de Parnaíba/SP,3547304,0,1,2020-03-26 15:52:09.506563
2020-03-12,Brazil,RJ,Niterói/RJ,3303302,0,1,2020-03-26 15:52:09.506563
2020-03-12,Brazil,RS,Campo Bom/RS,4303905,0,1,2020-03-26 15:52:09.506563
2020-03-12,Brazil,TOTAL,TOTAL,4303905,40,109,2020-03-26 15:52:09.506563
2020-03-12,Brazil,GO,Goiânia/GO,5208707,2,2,2020-03-26 15:52:09.506563
2020-03-11,Brazil,DF,Brasília/DF,5300108,0,2,2020-03-26 15:52:09.506563
2020-03-11,Brazil,SP,São Paulo/SP,3550308,26,44,2020-03-26 15:52:09.506563
2020-03-11,Brazil,BA,Feira de Santana/BA,2910800,1,3,2020-03-26 15:52:09.506563
2020-03-11,Brazil,RJ,Rio de Janeiro/RJ,3304557,6,12,2020-03-26 15:52:09.506563
2020-03-11,Brazil,RJ,Barra Mansa/RJ,3300407,0,1,2020-03-26 15:52:09.506563
2020-03-11,Brazil,ES,Vila Velha/ES,3205200,0,1,2020-03-26 15:52:09.506563
2020-03-11,Brazil,RS,Porto Alegre/RS,4314902,1,1,2020-03-26 15:52:09.506563
2020-03-11,Brazil,AL,Maceió/AL,2704302,0,1,2020-03-26 15:52:09.506563
2020-03-11,Brazil,SP,Santana de Parnaíba/SP,3547304,0,1,2020-03-26 15:52:09.506563
2020-03-11,Brazil,MG,Divinópolis/MG,3122306,0,1,2020-03-26 15:52:09.506563
2020-03-11,Brazil,RJ,Niterói/RJ,3303302,0,1,2020-03-26 15:52:09.506563
2020-03-11,Brazil,RS,Campo Bom/RS,4303905,0,1,2020-03-26 15:52:09.506563
2020-03-11,Brazil,TOTAL,TOTAL,4303905,34,69,2020-03-26 15:52:09.506563
2020-03-10,Brazil,SP,São Paulo/SP,3550308,3,18,2020-03-26 15:52:09.506563
2020-03-10,Brazil,DF,Brasília/DF,5300108,1,2,2020-03-26 15:52:09.506563
2020-03-10,Brazil,RS,Campo Bom/RS,4303905,1,1,2020-03-26 15:52:09.506563
2020-03-10,Brazil,RJ,Barra Mansa/RJ,3300407,0,1,2020-03-26 15:52:09.506563
2020-03-10,Brazil,ES,Vila Velha/ES,3205200,0,1,2020-03-26 15:52:09.506563
2020-03-10,Brazil,BA,Feira de Santana/BA,2910800,0,2,2020-03-26 15:52:09.506563
2020-03-10,Brazil,RJ,Rio de Janeiro/RJ,3304557,0,6,2020-03-26 15:52:09.506563
2020-03-10,Brazil,AL,Maceió/AL,2704302,0,1,2020-03-26 15:52:09.506563
2020-03-10,Brazil,SP,Santana de Parnaíba/SP,3547304,0,1,2020-03-26 15:52:09.506563
2020-03-10,Brazil,MG,Divinópolis/MG,3122306,0,1,2020-03-26 15:52:09.506563
2020-03-10,Brazil,RJ,Niterói/RJ,3303302,0,1,2020-03-26 15:52:09.506563
2020-03-10,Brazil,TOTAL,TOTAL,3303302,5,35,2020-03-26 15:52:09.506563
2020-03-09,Brazil,BA,Feira de Santana/BA,2910800,0,2,2020-03-26 15:52:09.506563
2020-03-09,Brazil,RJ,Niterói/RJ,3303302,1,1,2020-03-26 15:52:09.506563
2020-03-09,Brazil,SP,São Paulo/SP,3550308,0,15,2020-03-26 15:52:09.506563
2020-03-09,Brazil,RJ,Rio de Janeiro/RJ,3304557,4,6,2020-03-26 15:52:09.506563
2020-03-09,Brazil,RJ,Barra Mansa/RJ,3300407,0,1,2020-03-26 15:52:09.506563
2020-03-09,Brazil,ES,Vila Velha/ES,3205200,0,1,2020-03-26 15:52:09.506563
2020-03-09,Brazil,SP,Santana de Parnaíba/SP,3547304,0,1,2020-03-26 15:52:09.506563
2020-03-09,Brazil,DF,Brasília/DF,5300108,0,1,2020-03-26 15:52:09.506563
2020-03-09,Brazil,TOTAL,TOTAL,3122306,5,30,2020-03-26 15:52:09.506563
2020-03-09,Brazil,AL,Maceió/AL,2704302,0,1,2020-03-26 15:52:09.506563
2020-03-09,Brazil,MG,Divinópolis/MG,3122306,0,1,2020-03-26 15:52:09.506563
2020-03-08,Brazil,TOTAL,TOTAL,5300108,6,25,2020-03-26 15:52:09.506563
2020-03-08,Brazil,DF,Brasília/DF,5300108,0,1,2020-03-26 15:52:09.506563
2020-03-08,Brazil,BA,Feira de Santana/BA,2910800,0,2,2020-03-26 15:52:09.506563
2020-03-08,Brazil,ES,Vila Velha/ES,3205200,0,1,2020-03-26 15:52:09.506563
2020-03-08,Brazil,MG,Divinópolis/MG,3122306,1,1,2020-03-26 15:52:09.506563
2020-03-08,Brazil,SP,Santana de Parnaíba/SP,3547304,1,1,2020-03-26 15:52:09.506563
2020-03-08,Brazil,AL,Maceió/AL,2704302,1,1,2020-03-26 15:52:09.506563
2020-03-08,Brazil,RJ,Rio de Janeiro/RJ,3304557,1,2,2020-03-26 15:52:09.506563
2020-03-08,Brazil,SP,São Paulo/SP,3550308,2,15,2020-03-26 15:52:09.506563
2020-03-08,Brazil,RJ,Barra Mansa/RJ,3300407,0,1,2020-03-26 15:52:09.506563
2020-03-07,Brazil,SP,São Paulo/SP,3550308,3,13,2020-03-26 15:52:09.506563
2020-03-07,Brazil,DF,Brasília/DF,5300108,1,1,2020-03-26 15:52:09.506563
2020-03-07,Brazil,BA,Feira de Santana/BA,2910800,1,2,2020-03-26 15:52:09.506563
2020-03-07,Brazil,RJ,Rio de Janeiro/RJ,3304557,1,1,2020-03-26 15:52:09.506563
2020-03-07,Brazil,RJ,Barra Mansa/RJ,3300407,0,1,2020-03-26 15:52:09.506563
2020-03-07,Brazil,ES,Vila Velha/ES,3205200,0,1,2020-03-26 15:52:09.506563
2020-03-07,Brazil,TOTAL,TOTAL,3205200,6,19,2020-03-26 15:52:09.506563
2020-03-06,Brazil,TOTAL,TOTAL,3205200,5,13,2020-03-26 15:52:09.506563
2020-03-06,Brazil,ES,Vila Velha/ES,3205200,0,1,2020-03-26 15:52:09.506563
2020-03-06,Brazil,RJ,Barra Mansa/RJ,3300407,0,1,2020-03-26 15:52:09.506563
2020-03-06,Brazil,BA,Feira de Santana/BA,2910800,1,1,2020-03-26 15:52:09.506563
2020-03-06,Brazil,SP,São Paulo/SP,3550308,4,10,2020-03-26 15:52:09.506563
2020-03-05,Brazil,TOTAL,TOTAL,3205200,5,8,2020-03-26 15:52:09.506563
2020-03-05,Brazil,ES,Vila Velha/ES,3205200,1,1,2020-03-26 15:52:09.506563
2020-03-05,Brazil,RJ,Barra Mansa/RJ,3300407,1,1,2020-03-26 15:52:09.506563
2020-03-05,Brazil,SP,São Paulo/SP,3550308,3,6,2020-03-26 15:52:09.506563
2020-03-04,Brazil,TOTAL,TOTAL,3550308,1,3,2020-03-26 15:52:09.506563
2020-03-04,Brazil,SP,São Paulo/SP,3550308,1,3,2020-03-26 15:52:09.506563
2020-02-29,Brazil,SP,São Paulo/SP,3550308,1,2,2020-03-26 15:52:09.506563
2020-02-29,Brazil,TOTAL,TOTAL,3550308,1,2,2020-03-26 15:52:09.506563
2020-02-25,Brazil,TOTAL,TOTAL,3550308,1,1,2020-03-26 15:52:09.506563
2020-02-25,Brazil,SP,São Paulo/SP,3550308,1,1,2020-03-26 15:52:09.506563
