city,city_ibge_code,confirmed,confirmed_per_100k_inhabitants,date,death_rate,deaths,estimated_population_2019,is_last,place_type,state,last_update
Rio Branco,401.0,11,2.70059,2020-03-22,,0,407319.0,True,city,AC,2020-03-23 11:12:38.110144
,12.0,11,1.24726,2020-03-22,,0,881935.0,True,state,AC,2020-03-23 11:12:38.110144
Maceió,4302.0,7,0.68698,2020-03-22,,0,1018948.0,True,city,AL,2020-03-23 11:12:38.110144
,27.0,7,0.20975,2020-03-22,,0,3337357.0,True,state,AL,2020-03-23 11:12:38.110144
Macapá,303.0,1,0.19868,2020-03-22,,0,503327.0,True,city,AP,2020-03-23 11:12:38.110144
,16.0,1,0.11824,2020-03-22,,0,845731.0,True,state,AP,2020-03-23 11:12:38.110144
Barreiras,3201.0,1,0.64334,2020-03-22,,0,155439.0,True,city,BA,2020-03-23 11:12:38.110144
Camaçari,5701.0,1,0.3343,2020-03-22,,0,299132.0,True,city,BA,2020-03-23 11:12:38.110144
Conceição do Jacuípe,8507.0,1,3.01632,2020-03-22,,0,33153.0,True,city,BA,2020-03-23 11:12:38.110144
Feira de Santana,10800.0,6,0.97581,2020-03-22,,0,614872.0,True,city,BA,2020-03-23 11:12:38.110144
Itabuna,14802.0,1,0.46899,2020-03-22,,0,213223.0,True,city,BA,2020-03-23 11:12:38.110144
Lauro de Freitas,19207.0,3,1.51179,2020-03-22,,0,198440.0,True,city,BA,2020-03-23 11:12:38.110144
Porto Seguro,25303.0,7,4.70791,2020-03-22,,0,148686.0,True,city,BA,2020-03-23 11:12:38.110144
Prado,25501.0,2,7.09874,2020-03-22,,0,28174.0,True,city,BA,2020-03-23 11:12:38.110144
Salvador,27408.0,33,1.14889,2020-03-22,,0,2872347.0,True,city,BA,2020-03-23 11:12:38.110144
,29.0,55,0.3698,2020-03-22,,0,14873064.0,True,state,BA,2020-03-23 11:12:38.110144
Aquiraz,1000.0,5,6.2289,2020-03-22,,0,80271.0,True,city,CE,2020-03-23 11:12:38.110144
Fortaleza,4400.0,116,4.34564,2020-03-22,,0,2669342.0,True,city,CE,2020-03-23 11:12:38.110144
Fortim,4459.0,1,6.06796,2020-03-22,,0,16480.0,True,city,CE,2020-03-23 11:12:38.110144
Importados,,1,,2020-03-22,,0,,True,city,CE,2020-03-23 11:12:38.110144
Juazeiro do Norte,7304.0,1,0.36469,2020-03-22,,0,274207.0,True,city,CE,2020-03-23 11:12:38.110144
Sobral,12908.0,1,0.47862,2020-03-22,,0,208935.0,True,city,CE,2020-03-23 11:12:38.110144
,23.0,125,1.3688,2020-03-22,,0,9132078.0,True,state,CE,2020-03-23 11:12:38.110144
Brasília,108.0,117,3.88025,2020-03-22,,0,3015268.0,True,city,DF,2020-03-23 11:12:38.110144
,53.0,117,3.88025,2020-03-22,,0,3015268.0,True,state,DF,2020-03-23 11:12:38.110144
Cachoeiro de Itapemirim,1209.0,1,0.47853,2020-03-22,,0,208972.0,True,city,ES,2020-03-23 11:12:38.110144
Cariacica,1308.0,1,0.26227,2020-03-22,,0,381285.0,True,city,ES,2020-03-23 11:12:38.110144
Linhares,3205.0,2,1.15237,2020-03-22,,0,173555.0,True,city,ES,2020-03-23 11:12:38.110144
Vila Velha,5200.0,11,2.22745,2020-03-22,,0,493838.0,True,city,ES,2020-03-23 11:12:38.110144
Vitória,5309.0,11,3.03786,2020-03-22,,0,362097.0,True,city,ES,2020-03-23 11:12:38.110144
,32.0,26,0.64698,2020-03-22,,0,4018650.0,True,state,ES,2020-03-23 11:12:38.110144
Anápolis,1108.0,2,0.5169,2020-03-22,,0,386923.0,True,city,GO,2020-03-23 11:12:38.110144
Aparecida de Goiânia,1405.0,1,0.17296,2020-03-22,,0,578179.0,True,city,GO,2020-03-23 11:12:38.110144
Catalão,5109.0,1,0.91892,2020-03-22,,0,108823.0,True,city,GO,2020-03-23 11:12:38.110144
Goiânia,8707.0,11,0.72554,2020-03-22,,0,1516113.0,True,city,GO,2020-03-23 11:12:38.110144
Jataí,11909.0,1,0.99126,2020-03-22,,0,100882.0,True,city,GO,2020-03-23 11:12:38.110144
Rio Verde,18805.0,5,2.12182,2020-03-22,,0,235647.0,True,city,GO,2020-03-23 11:12:38.110144
,52.0,21,0.29922,2020-03-22,,0,7018354.0,True,state,GO,2020-03-23 11:12:38.110144
São Luís,11300.0,2,0.18151,2020-03-22,,0,1101884.0,True,city,MA,2020-03-23 11:12:38.110144
,21.0,2,0.02827,2020-03-22,,0,7075181.0,True,state,MA,2020-03-23 11:12:38.110144
,31.0,83,0.39209,2020-03-22,,0,21168791.0,True,state,MG,2020-03-23 11:12:38.110144
Campo Grande,2704.0,19,2.12058,2020-03-22,,0,895982.0,True,city,MS,2020-03-23 11:12:38.110144
Ponta Porã,6606.0,1,1.08078,2020-03-22,,0,92526.0,True,city,MS,2020-03-23 11:12:38.110144
Sidrolândia,7901.0,1,1.73415,2020-03-22,,0,57665.0,True,city,MS,2020-03-23 11:12:38.110144
,50.0,21,0.75567,2020-03-22,,0,2778986.0,True,state,MS,2020-03-23 11:12:38.110144
,15.0,4,0.0465,2020-03-22,,0,8602865.0,True,state,PA,2020-03-23 11:12:38.110144
Belo Jardim,1706.0,1,1.30823,2020-03-22,,0,76439.0,True,city,PE,2020-03-23 11:12:38.110144
Importados,,4,,2020-03-22,,0,,True,city,PE,2020-03-23 11:12:38.110144
Jaboatão dos Guararapes,7901.0,3,0.42717,2020-03-22,,0,702298.0,True,city,PE,2020-03-23 11:12:38.110144
Olinda,9600.0,1,0.25479,2020-03-22,,0,392482.0,True,city,PE,2020-03-23 11:12:38.110144
Recife,11606.0,28,1.70138,2020-03-22,,0,1645727.0,True,city,PE,2020-03-23 11:12:38.110144
,26.0,37,0.38715,2020-03-22,,0,9557071.0,True,state,PE,2020-03-23 11:12:38.110144
Teresina,11001.0,6,0.69377,2020-03-22,,0,864845.0,True,city,PI,2020-03-23 11:12:38.110144
,22.0,6,0.18331,2020-03-22,,0,3273227.0,True,state,PI,2020-03-23 11:12:38.110144
Campo Largo,4204.0,1,0.75756,2020-03-22,,0,132002.0,True,city,PR,2020-03-23 11:12:38.110144
Cianorte,5508.0,4,4.84144,2020-03-22,,0,82620.0,True,city,PR,2020-03-23 11:12:38.110144
Colombo,5805.0,1,0.4103,2020-03-22,,0,243726.0,True,city,PR,2020-03-23 11:12:38.110144
Curitiba,6902.0,31,1.60364,2020-03-22,,0,1933105.0,True,city,PR,2020-03-23 11:12:38.110144
Foz do Iguaçu,8304.0,4,1.5472,2020-03-22,,0,258532.0,True,city,PR,2020-03-23 11:12:38.110144
Guaíra,8809.0,1,3.01941,2020-03-22,,0,33119.0,True,city,PR,2020-03-23 11:12:38.110144
Importados,,4,,2020-03-22,,0,,True,city,PR,2020-03-23 11:12:38.110144
Londrina,13700.0,3,0.52656,2020-03-22,,0,569733.0,True,city,PR,2020-03-23 11:12:38.110144
Maringá,15200.0,1,0.23603,2020-03-22,,0,423666.0,True,city,PR,2020-03-23 11:12:38.110144
Pato Branco,18501.0,1,1.20655,2020-03-22,,0,82881.0,True,city,PR,2020-03-23 11:12:38.110144
Pinhais,19152.0,2,1.51335,2020-03-22,,0,132157.0,True,city,PR,2020-03-23 11:12:38.110144
Ponta Grossa,19905.0,1,0.2843,2020-03-22,,0,351736.0,True,city,PR,2020-03-23 11:12:38.110144
,41.0,54,0.47228,2020-03-22,,0,11433957.0,True,state,PR,2020-03-23 11:12:38.110144
Barra Mansa,407.0,1,0.54226,2020-03-22,,0,184412.0,True,city,RJ,2020-03-23 11:12:38.110144
Guapimirim,1850.0,1,1.65243,2020-03-22,,0,60517.0,True,city,RJ,2020-03-23 11:12:38.110144
Importados,,2,,2020-03-22,,0,,True,city,RJ,2020-03-23 11:12:38.110144
Miguel Pereira,2908.0,1,3.91573,2020-03-22,1.0,1,25538.0,True,city,RJ,2020-03-23 11:12:38.110144
Niterói,3302.0,10,1.9471,2020-03-22,0.1,1,513584.0,True,city,RJ,2020-03-23 11:12:38.110144
Petrópolis,3906.0,3,0.97978,2020-03-22,0.3333,1,306191.0,True,city,RJ,2020-03-23 11:12:38.110144
Rio de Janeiro,4557.0,168,2.50041,2020-03-22,,0,6718903.0,True,city,RJ,2020-03-23 11:12:38.110144
,33.0,186,1.07733,2020-03-22,0.0161,3,17264943.0,True,state,RJ,2020-03-23 11:12:38.110144
Ji-Paraná,122.0,1,0.77538,2020-03-22,,0,128969.0,True,city,RO,2020-03-23 11:12:38.110144
Porto Velho,205.0,2,0.37768,2020-03-22,,0,529544.0,True,city,RO,2020-03-23 11:12:38.110144
,11.0,3,0.1688,2020-03-22,,0,1777225.0,True,state,RO,2020-03-23 11:12:38.110144
Boa Vista,100.0,2,0.50099,2020-03-22,,0,399213.0,True,city,RR,2020-03-23 11:12:38.110144
,14.0,2,0.33016,2020-03-22,,0,605761.0,True,state,RR,2020-03-23 11:12:38.110144
Balneário Camboriú,2008.0,6,4.21659,2020-03-22,,0,142295.0,True,city,SC,2020-03-23 11:12:38.110144
Blumenau,2404.0,6,1.67974,2020-03-22,,0,357199.0,True,city,SC,2020-03-23 11:12:38.110144
Braço do Norte,2800.0,7,20.92676,2020-03-22,,0,33450.0,True,city,SC,2020-03-23 11:12:38.110144
Chapecó,4202.0,2,0.90758,2020-03-22,,0,220367.0,True,city,SC,2020-03-23 11:12:38.110144
Criciúma,4608.0,7,3.253,2020-03-22,,0,215186.0,True,city,SC,2020-03-23 11:12:38.110144
Florianópolis,5407.0,10,1.99612,2020-03-22,,0,500973.0,True,city,SC,2020-03-23 11:12:38.110144
Gravatal,6207.0,1,8.6949,2020-03-22,,0,11501.0,True,city,SC,2020-03-23 11:12:38.110144
Imbituba,7304.0,2,4.45901,2020-03-22,,0,44853.0,True,city,SC,2020-03-23 11:12:38.110144
Itajaí,8203.0,7,3.18854,2020-03-22,,0,219536.0,True,city,SC,2020-03-23 11:12:38.110144
Jaguaruna,8807.0,1,4.99401,2020-03-22,,0,20024.0,True,city,SC,2020-03-23 11:12:38.110144
Jaraguá do Sul,8906.0,1,0.56276,2020-03-22,,0,177697.0,True,city,SC,2020-03-23 11:12:38.110144
Joinville,9102.0,4,0.67743,2020-03-22,,0,590466.0,True,city,SC,2020-03-23 11:12:38.110144
Lages,9300.0,1,0.63474,2020-03-22,,0,157544.0,True,city,SC,2020-03-23 11:12:38.110144
Navegantes,11306.0,1,1.22737,2020-03-22,,0,81475.0,True,city,SC,2020-03-23 11:12:38.110144
Pomerode,13203.0,1,2.9898,2020-03-22,,0,33447.0,True,city,SC,2020-03-23 11:12:38.110144
Rancho Queimado,14300.0,2,69.4927,2020-03-22,,0,2878.0,True,city,SC,2020-03-23 11:12:38.110144
São José,16602.0,3,1.21661,2020-03-22,,0,246586.0,True,city,SC,2020-03-23 11:12:38.110144
Tubarão,18707.0,6,5.67719,2020-03-22,,0,105686.0,True,city,SC,2020-03-23 11:12:38.110144
,42.0,68,0.94909,2020-03-22,,0,7164788.0,True,state,SC,2020-03-23 11:12:38.110144
,35.0,631,1.37416,2020-03-22,0.0349,22,45919049.0,True,state,SP,2020-03-23 11:12:38.110144
Rio Branco,401.0,11,2.70059,2020-03-21,,0,407319.0,False,city,AC,2020-03-23 11:12:38.110144
,12.0,11,1.24726,2020-03-21,,0,881935.0,False,state,AC,2020-03-23 11:12:38.110144
Maceió,4302.0,7,0.68698,2020-03-21,,0,1018948.0,False,city,AL,2020-03-23 11:12:38.110144
,27.0,7,0.20975,2020-03-21,,0,3337357.0,False,state,AL,2020-03-23 11:12:38.110144
Macapá,303.0,1,0.19868,2020-03-21,,0,503327.0,False,city,AP,2020-03-23 11:12:38.110144
,16.0,1,0.11824,2020-03-21,,0,845731.0,False,state,AP,2020-03-23 11:12:38.110144
Camaçari,5701.0,1,0.3343,2020-03-21,,0,299132.0,False,city,BA,2020-03-23 11:12:38.110144
Feira de Santana,10800.0,6,0.97581,2020-03-21,,0,614872.0,False,city,BA,2020-03-23 11:12:38.110144
Itabuna,14802.0,1,0.46899,2020-03-21,,0,213223.0,False,city,BA,2020-03-23 11:12:38.110144
Lauro de Freitas,19207.0,3,1.51179,2020-03-21,,0,198440.0,False,city,BA,2020-03-23 11:12:38.110144
Porto Seguro,25303.0,5,3.36279,2020-03-21,,0,148686.0,False,city,BA,2020-03-23 11:12:38.110144
Prado,25501.0,2,7.09874,2020-03-21,,0,28174.0,False,city,BA,2020-03-23 11:12:38.110144
Salvador,27408.0,23,0.80074,2020-03-21,,0,2872347.0,False,city,BA,2020-03-23 11:12:38.110144
,29.0,41,0.27567,2020-03-21,,0,14873064.0,False,state,BA,2020-03-23 11:12:38.110144
Aquiraz,1000.0,4,4.98312,2020-03-21,,0,80271.0,False,city,CE,2020-03-23 11:12:38.110144
Fortaleza,4400.0,76,2.84714,2020-03-21,,0,2669342.0,False,city,CE,2020-03-23 11:12:38.110144
Fortim,4459.0,1,6.06796,2020-03-21,,0,16480.0,False,city,CE,2020-03-23 11:12:38.110144
Importados,,1,,2020-03-21,,0,,False,city,CE,2020-03-23 11:12:38.110144
Juazeiro do Norte,7304.0,1,0.36469,2020-03-21,,0,274207.0,False,city,CE,2020-03-23 11:12:38.110144
Sobral,12908.0,1,0.47862,2020-03-21,,0,208935.0,False,city,CE,2020-03-23 11:12:38.110144
,23.0,84,0.91983,2020-03-21,,0,9132078.0,False,state,CE,2020-03-23 11:12:38.110144
Brasília,108.0,108,3.58177,2020-03-21,,0,3015268.0,False,city,DF,2020-03-23 11:12:38.110144
,53.0,108,3.58177,2020-03-21,,0,3015268.0,False,state,DF,2020-03-23 11:12:38.110144
Cachoeiro de Itapemirim,1209.0,1,0.47853,2020-03-21,,0,208972.0,False,city,ES,2020-03-23 11:12:38.110144
Cariacica,1308.0,1,0.26227,2020-03-21,,0,381285.0,False,city,ES,2020-03-23 11:12:38.110144
Linhares,3205.0,2,1.15237,2020-03-21,,0,173555.0,False,city,ES,2020-03-23 11:12:38.110144
Vila Velha,5200.0,11,2.22745,2020-03-21,,0,493838.0,False,city,ES,2020-03-23 11:12:38.110144
Vitória,5309.0,11,3.03786,2020-03-21,,0,362097.0,False,city,ES,2020-03-23 11:12:38.110144
,32.0,26,0.64698,2020-03-21,,0,4018650.0,False,state,ES,2020-03-23 11:12:38.110144
,52.0,19,0.27072,2020-03-21,,0,7018354.0,False,state,GO,2020-03-23 11:12:38.110144
São Luís,11300.0,2,0.18151,2020-03-21,,0,1101884.0,False,city,MA,2020-03-23 11:12:38.110144
,21.0,2,0.02827,2020-03-21,,0,7075181.0,False,state,MA,2020-03-23 11:12:38.110144
Belo Horizonte,6200.0,30,1.19423,2020-03-21,,0,2512070.0,True,city,MG,2020-03-23 11:12:38.110144
Coronel Fabriciano,19401.0,2,1.82058,2020-03-21,,0,109855.0,True,city,MG,2020-03-23 11:12:38.110144
Divinópolis,22306.0,1,0.41976,2020-03-21,,0,238230.0,True,city,MG,2020-03-23 11:12:38.110144
Ipatinga,31307.0,1,0.37964,2020-03-21,,0,263410.0,True,city,MG,2020-03-23 11:12:38.110144
Juiz de Fora,36702.0,4,0.70314,2020-03-21,,0,568873.0,True,city,MG,2020-03-23 11:12:38.110144
Mariana,40001.0,1,1.6468,2020-03-21,,0,60724.0,True,city,MG,2020-03-23 11:12:38.110144
Nova Lima,44805.0,4,4.21545,2020-03-21,,0,94889.0,True,city,MG,2020-03-23 11:12:38.110144
Patrocínio,48103.0,1,1.10184,2020-03-21,,0,90757.0,True,city,MG,2020-03-23 11:12:38.110144
Poços de Caldas,51800.0,1,0.59738,2020-03-21,,0,167397.0,True,city,MG,2020-03-23 11:12:38.110144
São João del Rei,62500.0,1,1.1101,2020-03-21,,0,90082.0,True,city,MG,2020-03-23 11:12:38.110144
Sete Lagoas,67202.0,1,0.41729,2020-03-21,,0,239639.0,True,city,MG,2020-03-23 11:12:38.110144
Uberaba,70107.0,3,0.89879,2020-03-21,,0,333783.0,True,city,MG,2020-03-23 11:12:38.110144
Uberlândia,70206.0,3,0.43396,2020-03-21,,0,691305.0,True,city,MG,2020-03-23 11:12:38.110144
,31.0,55,0.25982,2020-03-21,,0,21168791.0,False,state,MG,2020-03-23 11:12:38.110144
Campo Grande,2704.0,14,1.56253,2020-03-21,,0,895982.0,False,city,MS,2020-03-23 11:12:38.110144
Ponta Porã,6606.0,1,1.08078,2020-03-21,,0,92526.0,False,city,MS,2020-03-23 11:12:38.110144
Sidrolândia,7901.0,1,1.73415,2020-03-21,,0,57665.0,False,city,MS,2020-03-23 11:12:38.110144
,50.0,16,0.57575,2020-03-21,,0,2778986.0,False,state,MS,2020-03-23 11:12:38.110144
,15.0,2,0.02325,2020-03-21,,0,8602865.0,False,state,PA,2020-03-23 11:12:38.110144
João Pessoa,7507.0,1,0.12361,2020-03-21,,0,809015.0,True,city,PB,2020-03-23 11:12:38.110144
,25.0,1,0.02489,2020-03-21,,0,4018127.0,True,state,PB,2020-03-23 11:12:38.110144
Belo Jardim,1706.0,1,1.30823,2020-03-21,,0,76439.0,False,city,PE,2020-03-23 11:12:38.110144
Importados,,4,,2020-03-21,,0,,False,city,PE,2020-03-23 11:12:38.110144
Jaboatão dos Guararapes,7901.0,3,0.42717,2020-03-21,,0,702298.0,False,city,PE,2020-03-23 11:12:38.110144
Recife,11606.0,25,1.51909,2020-03-21,,0,1645727.0,False,city,PE,2020-03-23 11:12:38.110144
,26.0,33,0.34529,2020-03-21,,0,9557071.0,False,state,PE,2020-03-23 11:12:38.110144
Teresina,11001.0,4,0.46251,2020-03-21,,0,864845.0,False,city,PI,2020-03-23 11:12:38.110144
,22.0,4,0.1222,2020-03-21,,0,3273227.0,False,state,PI,2020-03-23 11:12:38.110144
Campo Largo,4204.0,1,0.75756,2020-03-21,,0,132002.0,False,city,PR,2020-03-23 11:12:38.110144
Cianorte,5508.0,2,2.42072,2020-03-21,,0,82620.0,False,city,PR,2020-03-23 11:12:38.110144
Curitiba,6902.0,31,1.60364,2020-03-21,,0,1933105.0,False,city,PR,2020-03-23 11:12:38.110144
Foz do Iguaçu,8304.0,1,0.3868,2020-03-21,,0,258532.0,False,city,PR,2020-03-23 11:12:38.110144
Guaíra,8809.0,1,3.01941,2020-03-21,,0,33119.0,False,city,PR,2020-03-23 11:12:38.110144
Londrina,13700.0,3,0.52656,2020-03-21,,0,569733.0,False,city,PR,2020-03-23 11:12:38.110144
Maringá,15200.0,1,0.23603,2020-03-21,,0,423666.0,False,city,PR,2020-03-23 11:12:38.110144
Pato Branco,18501.0,1,1.20655,2020-03-21,,0,82881.0,False,city,PR,2020-03-23 11:12:38.110144
Ponta Grossa,19905.0,1,0.2843,2020-03-21,,0,351736.0,False,city,PR,2020-03-23 11:12:38.110144
Umuarama,28104.0,1,0.8964,2020-03-21,,0,111557.0,True,city,PR,2020-03-23 11:12:38.110144
,41.0,43,0.37607,2020-03-21,,0,11433957.0,False,state,PR,2020-03-23 11:12:38.110144
Barra Mansa,407.0,1,0.54226,2020-03-21,,0,184412.0,False,city,RJ,2020-03-23 11:12:38.110144
Guapimirim,1850.0,1,1.65243,2020-03-21,,0,60517.0,False,city,RJ,2020-03-23 11:12:38.110144
Importados,,4,,2020-03-21,,0,,False,city,RJ,2020-03-23 11:12:38.110144
Miguel Pereira,2908.0,1,3.91573,2020-03-21,1.0,1,25538.0,False,city,RJ,2020-03-23 11:12:38.110144
Niterói,3302.0,10,1.9471,2020-03-21,0.1,1,513584.0,False,city,RJ,2020-03-23 11:12:38.110144
Petrópolis,3906.0,3,0.97978,2020-03-21,0.3333,1,306191.0,False,city,RJ,2020-03-23 11:12:38.110144
Rio de Janeiro,4557.0,99,1.47345,2020-03-21,,0,6718903.0,False,city,RJ,2020-03-23 11:12:38.110144
,33.0,119,0.68926,2020-03-21,0.0252,3,17264943.0,False,state,RJ,2020-03-23 11:12:38.110144
Mossoró,8003.0,1,0.33627,2020-03-21,,0,297378.0,True,city,RN,2020-03-23 11:12:38.110144
Natal,8102.0,6,0.67864,2020-03-21,,0,884122.0,True,city,RN,2020-03-23 11:12:38.110144
Parnamirim,3251.0,2,0.76491,2020-03-21,,0,261469.0,True,city,RN,2020-03-23 11:12:38.110144
,24.0,9,0.25664,2020-03-21,,0,3506853.0,True,state,RN,2020-03-23 11:12:38.110144
Ji-Paraná,122.0,1,0.77538,2020-03-21,,0,128969.0,False,city,RO,2020-03-23 11:12:38.110144
Porto Velho,205.0,2,0.37768,2020-03-21,,0,529544.0,False,city,RO,2020-03-23 11:12:38.110144
,11.0,3,0.1688,2020-03-21,,0,1777225.0,False,state,RO,2020-03-23 11:12:38.110144
Boa Vista,100.0,2,0.50099,2020-03-21,,0,399213.0,False,city,RR,2020-03-23 11:12:38.110144
,14.0,2,0.33016,2020-03-21,,0,605761.0,False,state,RR,2020-03-23 11:12:38.110144
Alvorada,604.0,2,0.951,2020-03-21,,0,210305.0,True,city,RS,2020-03-23 11:12:38.110144
Bagé,1602.0,3,2.47641,2020-03-21,,0,121143.0,True,city,RS,2020-03-23 11:12:38.110144
Bento Gonçalves,2105.0,2,1.66038,2020-03-21,,0,120454.0,True,city,RS,2020-03-23 11:12:38.110144
Campo Bom,3905.0,2,2.99796,2020-03-21,,0,66712.0,True,city,RS,2020-03-23 11:12:38.110144
Canoas,4606.0,2,0.57701,2020-03-21,,0,346616.0,True,city,RS,2020-03-23 11:12:38.110144
Carlos Barbosa,4804.0,1,3.35199,2020-03-21,,0,29833.0,True,city,RS,2020-03-23 11:12:38.110144
Caxias do Sul,5108.0,2,0.39146,2020-03-21,,0,510906.0,True,city,RS,2020-03-23 11:12:38.110144
Charqueadas,5355.0,1,2.45164,2020-03-21,,0,40789.0,True,city,RS,2020-03-23 11:12:38.110144
Dois Irmãos,6403.0,1,3.06082,2020-03-21,,0,32671.0,True,city,RS,2020-03-23 11:12:38.110144
Eldorado do Sul,6767.0,1,2.42219,2020-03-21,,0,41285.0,True,city,RS,2020-03-23 11:12:38.110144
Erechim,7005.0,3,2.83388,2020-03-21,,0,105862.0,True,city,RS,2020-03-23 11:12:38.110144
Estrela,7807.0,1,2.93118,2020-03-21,,0,34116.0,True,city,RS,2020-03-23 11:12:38.110144
Farroupilha,7906.0,1,1.38253,2020-03-21,,0,72331.0,True,city,RS,2020-03-23 11:12:38.110144
Ivoti,10801.0,2,8.23282,2020-03-21,,0,24293.0,True,city,RS,2020-03-23 11:12:38.110144
Lajeado,11403.0,1,1.19028,2020-03-21,,0,84014.0,True,city,RS,2020-03-23 11:12:38.110144
Porto Alegre,14902.0,35,2.35885,2020-03-21,,0,1483771.0,True,city,RS,2020-03-23 11:12:38.110144
Sant'Ana do Livramento,17103.0,2,2.59649,2020-03-21,,0,77027.0,True,city,RS,2020-03-23 11:12:38.110144
São Leopoldo,18705.0,1,0.42223,2020-03-21,,0,236835.0,True,city,RS,2020-03-23 11:12:38.110144
Serafina Corrêa,20404.0,2,11.42727,2020-03-21,,0,17502.0,True,city,RS,2020-03-23 11:12:38.110144
Taquara,21204.0,1,1.74016,2020-03-21,,0,57466.0,True,city,RS,2020-03-23 11:12:38.110144
Torres,21501.0,2,5.16369,2020-03-21,,0,38732.0,True,city,RS,2020-03-23 11:12:38.110144
Viamão,23002.0,1,0.39181,2020-03-21,,0,255224.0,True,city,RS,2020-03-23 11:12:38.110144
,43.0,69,0.60647,2020-03-21,,0,11377239.0,True,state,RS,2020-03-23 11:12:38.110144
Balneário Camboriú,2008.0,6,4.21659,2020-03-21,,0,142295.0,False,city,SC,2020-03-23 11:12:38.110144
Braço do Norte,2800.0,6,17.93722,2020-03-21,,0,33450.0,False,city,SC,2020-03-23 11:12:38.110144
Chapecó,4202.0,2,0.90758,2020-03-21,,0,220367.0,False,city,SC,2020-03-23 11:12:38.110144
Criciúma,4608.0,6,2.78829,2020-03-21,,0,215186.0,False,city,SC,2020-03-23 11:12:38.110144
Florianópolis,5407.0,10,1.99612,2020-03-21,,0,500973.0,False,city,SC,2020-03-23 11:12:38.110144
Gravatal,6207.0,1,8.6949,2020-03-21,,0,11501.0,False,city,SC,2020-03-23 11:12:38.110144
Imbituba,7304.0,2,4.45901,2020-03-21,,0,44853.0,False,city,SC,2020-03-23 11:12:38.110144
Itajaí,8203.0,6,2.73304,2020-03-21,,0,219536.0,False,city,SC,2020-03-23 11:12:38.110144
Jaguaruna,8807.0,1,4.99401,2020-03-21,,0,20024.0,False,city,SC,2020-03-23 11:12:38.110144
Jaraguá do Sul,8906.0,1,0.56276,2020-03-21,,0,177697.0,False,city,SC,2020-03-23 11:12:38.110144
Joinville,9102.0,4,0.67743,2020-03-21,,0,590466.0,False,city,SC,2020-03-23 11:12:38.110144
Navegantes,11306.0,1,1.22737,2020-03-21,,0,81475.0,False,city,SC,2020-03-23 11:12:38.110144
Pomerode,13203.0,1,2.9898,2020-03-21,,0,33447.0,False,city,SC,2020-03-23 11:12:38.110144
Rancho Queimado,14300.0,2,69.4927,2020-03-21,,0,2878.0,False,city,SC,2020-03-23 11:12:38.110144
São José,16602.0,2,0.81108,2020-03-21,,0,246586.0,False,city,SC,2020-03-23 11:12:38.110144
Tubarão,18707.0,6,5.67719,2020-03-21,,0,105686.0,False,city,SC,2020-03-23 11:12:38.110144
,42.0,57,0.79556,2020-03-21,,0,7164788.0,False,state,SC,2020-03-23 11:12:38.110144
Aracaju,308.0,7,1.06543,2020-03-21,,0,657013.0,True,city,SE,2020-03-23 11:12:38.110144
Nossa Senhora da Glória,4508.0,1,2.70827,2020-03-21,,0,36924.0,True,city,SE,2020-03-23 11:12:38.110144
,28.0,10,0.43503,2020-03-21,,0,2298696.0,True,state,SE,2020-03-23 11:12:38.110144
,35.0,459,0.99959,2020-03-21,0.0327,15,45919049.0,False,state,SP,2020-03-23 11:12:38.110144
Rio Branco,401.0,7,1.71855,2020-03-20,,0,407319.0,False,city,AC,2020-03-23 11:12:38.110144
,12.0,7,0.79371,2020-03-20,,0,881935.0,False,state,AC,2020-03-23 11:12:38.110144
Maceió,4302.0,6,0.58884,2020-03-20,,0,1018948.0,False,city,AL,2020-03-23 11:12:38.110144
,27.0,6,0.17978,2020-03-20,,0,3337357.0,False,state,AL,2020-03-23 11:12:38.110144
Macapá,303.0,1,0.19868,2020-03-20,,0,503327.0,False,city,AP,2020-03-23 11:12:38.110144
,16.0,1,0.11824,2020-03-20,,0,845731.0,False,state,AP,2020-03-23 11:12:38.110144
Camaçari,5701.0,1,0.3343,2020-03-20,,0,299132.0,False,city,BA,2020-03-23 11:12:38.110144
Feira de Santana,10800.0,6,0.97581,2020-03-20,,0,614872.0,False,city,BA,2020-03-23 11:12:38.110144
Itabuna,14802.0,1,0.46899,2020-03-20,,0,213223.0,False,city,BA,2020-03-23 11:12:38.110144
Lauro de Freitas,19207.0,3,1.51179,2020-03-20,,0,198440.0,False,city,BA,2020-03-23 11:12:38.110144
Porto Seguro,25303.0,4,2.69023,2020-03-20,,0,148686.0,False,city,BA,2020-03-23 11:12:38.110144
Prado,25501.0,1,3.54937,2020-03-20,,0,28174.0,False,city,BA,2020-03-23 11:12:38.110144
Salvador,27408.0,18,0.62667,2020-03-20,,0,2872347.0,False,city,BA,2020-03-23 11:12:38.110144
,29.0,34,0.2286,2020-03-20,,0,14873064.0,False,state,BA,2020-03-23 11:12:38.110144
Aquiraz,1000.0,1,1.24578,2020-03-20,,0,80271.0,False,city,CE,2020-03-23 11:12:38.110144
Fortaleza,4400.0,63,2.36013,2020-03-20,,0,2669342.0,False,city,CE,2020-03-23 11:12:38.110144
Fortim,4459.0,1,6.06796,2020-03-20,,0,16480.0,False,city,CE,2020-03-23 11:12:38.110144
Importados,,1,,2020-03-20,,0,,False,city,CE,2020-03-23 11:12:38.110144
Juazeiro do Norte,7304.0,1,0.36469,2020-03-20,,0,274207.0,False,city,CE,2020-03-23 11:12:38.110144
Sobral,12908.0,1,0.47862,2020-03-20,,0,208935.0,False,city,CE,2020-03-23 11:12:38.110144
,23.0,68,0.74463,2020-03-20,,0,9132078.0,False,state,CE,2020-03-23 11:12:38.110144
Brasília,108.0,87,2.88532,2020-03-20,,0,3015268.0,False,city,DF,2020-03-23 11:12:38.110144
,53.0,87,2.88532,2020-03-20,,0,3015268.0,False,state,DF,2020-03-23 11:12:38.110144
Cachoeiro de Itapemirim,1209.0,1,0.47853,2020-03-20,,0,208972.0,False,city,ES,2020-03-23 11:12:38.110144
Cariacica,1308.0,1,0.26227,2020-03-20,,0,381285.0,False,city,ES,2020-03-23 11:12:38.110144
Linhares,3205.0,1,0.57619,2020-03-20,,0,173555.0,False,city,ES,2020-03-23 11:12:38.110144
Vila Velha,5200.0,7,1.41747,2020-03-20,,0,493838.0,False,city,ES,2020-03-23 11:12:38.110144
Vitória,5309.0,6,1.65701,2020-03-20,,0,362097.0,False,city,ES,2020-03-23 11:12:38.110144
,32.0,16,0.39814,2020-03-20,,0,4018650.0,False,state,ES,2020-03-23 11:12:38.110144
Anápolis,1108.0,2,0.5169,2020-03-20,,0,386923.0,False,city,GO,2020-03-23 11:12:38.110144
Aparecida de Goiânia,1405.0,2,0.34591,2020-03-20,,0,578179.0,False,city,GO,2020-03-23 11:12:38.110144
Goiânia,8707.0,9,0.59362,2020-03-20,,0,1516113.0,False,city,GO,2020-03-23 11:12:38.110144
Importados,,1,,2020-03-20,,0,,True,city,GO,2020-03-23 11:12:38.110144
Jataí,11909.0,1,0.99126,2020-03-20,,0,100882.0,False,city,GO,2020-03-23 11:12:38.110144
Rio Verde,18805.0,3,1.27309,2020-03-20,,0,235647.0,False,city,GO,2020-03-23 11:12:38.110144
,52.0,18,0.25647,2020-03-20,,0,7018354.0,False,state,GO,2020-03-23 11:12:38.110144
São Luís,11300.0,1,0.09075,2020-03-20,,0,1101884.0,False,city,MA,2020-03-23 11:12:38.110144
,21.0,1,0.01413,2020-03-20,,0,7075181.0,False,state,MA,2020-03-23 11:12:38.110144
Belo Horizonte,6200.0,20,0.79616,2020-03-20,,0,2512070.0,False,city,MG,2020-03-23 11:12:38.110144
Coronel Fabriciano,19401.0,1,0.91029,2020-03-20,,0,109855.0,False,city,MG,2020-03-23 11:12:38.110144
Divinópolis,22306.0,1,0.41976,2020-03-20,,0,238230.0,False,city,MG,2020-03-23 11:12:38.110144
Ipatinga,31307.0,1,0.37964,2020-03-20,,0,263410.0,False,city,MG,2020-03-23 11:12:38.110144
Juiz de Fora,36702.0,5,0.87893,2020-03-20,,0,568873.0,False,city,MG,2020-03-23 11:12:38.110144
Mariana,40001.0,1,1.6468,2020-03-20,,0,60724.0,False,city,MG,2020-03-23 11:12:38.110144
Nova Lima,44805.0,4,4.21545,2020-03-20,,0,94889.0,False,city,MG,2020-03-23 11:12:38.110144
Patrocínio,48103.0,1,1.10184,2020-03-20,,0,90757.0,False,city,MG,2020-03-23 11:12:38.110144
Poços de Caldas,51800.0,1,0.59738,2020-03-20,,0,167397.0,False,city,MG,2020-03-23 11:12:38.110144
Sete Lagoas,67202.0,1,0.41729,2020-03-20,,0,239639.0,False,city,MG,2020-03-23 11:12:38.110144
Uberaba,70107.0,1,0.2996,2020-03-20,,0,333783.0,False,city,MG,2020-03-23 11:12:38.110144
Uberlândia,70206.0,1,0.14465,2020-03-20,,0,691305.0,False,city,MG,2020-03-23 11:12:38.110144
,31.0,38,0.17951,2020-03-20,,0,21168791.0,False,state,MG,2020-03-23 11:12:38.110144
Campo Grande,2704.0,11,1.2277,2020-03-20,,0,895982.0,False,city,MS,2020-03-23 11:12:38.110144
Sidrolândia,7901.0,1,1.73415,2020-03-20,,0,57665.0,False,city,MS,2020-03-23 11:12:38.110144
,50.0,12,0.43181,2020-03-20,,0,2778986.0,False,state,MS,2020-03-23 11:12:38.110144
Cuiabá,3403.0,1,0.16325,2020-03-20,,0,612547.0,True,city,MT,2020-03-23 11:12:38.110144
,51.0,1,0.0287,2020-03-20,,0,3484466.0,True,state,MT,2020-03-23 11:12:38.110144
João Pessoa,7507.0,1,0.12361,2020-03-20,,0,809015.0,False,city,PB,2020-03-23 11:12:38.110144
,25.0,1,0.02489,2020-03-20,,0,4018127.0,False,state,PB,2020-03-23 11:12:38.110144
,26.0,31,0.32437,2020-03-20,,0,9557071.0,False,state,PE,2020-03-23 11:12:38.110144
Teresina,11001.0,4,0.46251,2020-03-20,,0,864845.0,False,city,PI,2020-03-23 11:12:38.110144
,22.0,4,0.1222,2020-03-20,,0,3273227.0,False,state,PI,2020-03-23 11:12:38.110144
Campo Largo,4204.0,1,0.75756,2020-03-20,,0,132002.0,False,city,PR,2020-03-23 11:12:38.110144
Cianorte,5508.0,2,2.42072,2020-03-20,,0,82620.0,False,city,PR,2020-03-23 11:12:38.110144
Curitiba,6902.0,27,1.39672,2020-03-20,,0,1933105.0,False,city,PR,2020-03-23 11:12:38.110144
Foz do Iguaçu,8304.0,1,0.3868,2020-03-20,,0,258532.0,False,city,PR,2020-03-23 11:12:38.110144
Guaíra,8809.0,1,3.01941,2020-03-20,,0,33119.0,False,city,PR,2020-03-23 11:12:38.110144
Londrina,13700.0,3,0.52656,2020-03-20,,0,569733.0,False,city,PR,2020-03-23 11:12:38.110144
Maringá,15200.0,1,0.23603,2020-03-20,,0,423666.0,False,city,PR,2020-03-23 11:12:38.110144
,41.0,36,0.31485,2020-03-20,,0,11433957.0,False,state,PR,2020-03-23 11:12:38.110144
Natal,8102.0,5,0.56553,2020-03-20,,0,884122.0,False,city,RN,2020-03-23 11:12:38.110144
Parnamirim,3251.0,1,0.38245,2020-03-20,,0,261469.0,False,city,RN,2020-03-23 11:12:38.110144
,24.0,6,0.17109,2020-03-20,,0,3506853.0,False,state,RN,2020-03-23 11:12:38.110144
Ji-Paraná,122.0,1,0.77538,2020-03-20,,0,128969.0,False,city,RO,2020-03-23 11:12:38.110144
,11.0,1,0.05627,2020-03-20,,0,1777225.0,False,state,RO,2020-03-23 11:12:38.110144
Alvorada,604.0,1,0.4755,2020-03-20,,0,210305.0,False,city,RS,2020-03-23 11:12:38.110144
Bagé,1602.0,2,1.65094,2020-03-20,,0,121143.0,False,city,RS,2020-03-23 11:12:38.110144
Campo Bom,3905.0,2,2.99796,2020-03-20,,0,66712.0,False,city,RS,2020-03-23 11:12:38.110144
Caxias do Sul,5108.0,2,0.39146,2020-03-20,,0,510906.0,False,city,RS,2020-03-23 11:12:38.110144
Erechim,7005.0,3,2.83388,2020-03-20,,0,105862.0,False,city,RS,2020-03-23 11:12:38.110144
Farroupilha,7906.0,1,1.38253,2020-03-20,,0,72331.0,False,city,RS,2020-03-23 11:12:38.110144
Ivoti,10801.0,2,8.23282,2020-03-20,,0,24293.0,False,city,RS,2020-03-23 11:12:38.110144
Porto Alegre,14902.0,25,1.6849,2020-03-20,,0,1483771.0,False,city,RS,2020-03-23 11:12:38.110144
Sant'Ana do Livramento,17103.0,2,2.59649,2020-03-20,,0,77027.0,False,city,RS,2020-03-23 11:12:38.110144
Serafina Corrêa,20404.0,2,11.42727,2020-03-20,,0,17502.0,False,city,RS,2020-03-23 11:12:38.110144
Torres,21501.0,1,2.58184,2020-03-20,,0,38732.0,False,city,RS,2020-03-23 11:12:38.110144
,43.0,43,0.37795,2020-03-20,,0,11377239.0,False,state,RS,2020-03-23 11:12:38.110144
Balneário Camboriú,2008.0,4,2.81106,2020-03-20,,0,142295.0,False,city,SC,2020-03-23 11:12:38.110144
Braço do Norte,2800.0,4,11.95815,2020-03-20,,0,33450.0,False,city,SC,2020-03-23 11:12:38.110144
Chapecó,4202.0,1,0.45379,2020-03-20,,0,220367.0,False,city,SC,2020-03-23 11:12:38.110144
Criciúma,4608.0,3,1.39414,2020-03-20,,0,215186.0,False,city,SC,2020-03-23 11:12:38.110144
Florianópolis,5407.0,10,1.99612,2020-03-20,,0,500973.0,False,city,SC,2020-03-23 11:12:38.110144
Imbituba,7304.0,2,4.45901,2020-03-20,,0,44853.0,False,city,SC,2020-03-23 11:12:38.110144
Jaraguá do Sul,8906.0,1,0.56276,2020-03-20,,0,177697.0,False,city,SC,2020-03-23 11:12:38.110144
Joinville,9102.0,3,0.50807,2020-03-20,,0,590466.0,False,city,SC,2020-03-23 11:12:38.110144
Navegantes,11306.0,1,1.22737,2020-03-20,,0,81475.0,False,city,SC,2020-03-23 11:12:38.110144
Pomerode,13203.0,1,2.9898,2020-03-20,,0,33447.0,False,city,SC,2020-03-23 11:12:38.110144
Rancho Queimado,14300.0,2,69.4927,2020-03-20,,0,2878.0,False,city,SC,2020-03-23 11:12:38.110144
São José,16602.0,1,0.40554,2020-03-20,,0,246586.0,False,city,SC,2020-03-23 11:12:38.110144
Tubarão,18707.0,6,5.67719,2020-03-20,,0,105686.0,False,city,SC,2020-03-23 11:12:38.110144
,42.0,40,0.55829,2020-03-20,,0,7164788.0,False,state,SC,2020-03-23 11:12:38.110144
Propriá,5703.0,2,6.75083,2020-03-20,,0,29626.0,True,city,SE,2020-03-23 11:12:38.110144
,28.0,7,0.30452,2020-03-20,,0,2298696.0,False,state,SE,2020-03-23 11:12:38.110144
Barueri,5708.0,1,0.36472,2020-03-20,,0,274182.0,True,city,SP,2020-03-23 11:12:38.110144
Campinas,9502.0,1,0.08305,2020-03-20,,0,1204073.0,True,city,SP,2020-03-23 11:12:38.110144
Carapicuíba,10609.0,2,0.49884,2020-03-20,,0,400927.0,True,city,SP,2020-03-23 11:12:38.110144
Cotia,13009.0,2,0.80254,2020-03-20,,0,249210.0,True,city,SP,2020-03-23 11:12:38.110144
Ferraz de Vasconcelos,15707.0,1,0.51473,2020-03-20,,0,194276.0,True,city,SP,2020-03-23 11:12:38.110144
Guarulhos,18800.0,1,0.07251,2020-03-20,,0,1379182.0,True,city,SP,2020-03-23 11:12:38.110144
Hortolândia,19071.0,1,0.43318,2020-03-20,,0,230851.0,True,city,SP,2020-03-23 11:12:38.110144
Importados,,8,,2020-03-20,,0,,True,city,SP,2020-03-23 11:12:38.110144
Jaguariúna,24709.0,1,1.73949,2020-03-20,,0,57488.0,True,city,SP,2020-03-23 11:12:38.110144
Mauá,29401.0,1,0.21146,2020-03-20,,0,472912.0,True,city,SP,2020-03-23 11:12:38.110144
Mogi das Cruzes,30607.0,1,0.22429,2020-03-20,,0,445842.0,True,city,SP,2020-03-23 11:12:38.110144
Osasco,34401.0,1,0.14318,2020-03-20,,0,698418.0,True,city,SP,2020-03-23 11:12:38.110144
Santana de Parnaíba,47304.0,2,1.43424,2020-03-20,,0,139447.0,True,city,SP,2020-03-23 11:12:38.110144
Santo André,47809.0,3,0.41738,2020-03-20,,0,718773.0,True,city,SP,2020-03-23 11:12:38.110144
São Bernardo do Campo,48708.0,4,0.47679,2020-03-20,,0,838936.0,True,city,SP,2020-03-23 11:12:38.110144
São Caetano do Sul,48807.0,4,2.48251,2020-03-20,,0,161127.0,True,city,SP,2020-03-23 11:12:38.110144
São José do Rio Preto,49805.0,1,0.21707,2020-03-20,,0,460671.0,True,city,SP,2020-03-23 11:12:38.110144
São José dos Campos,49904.0,1,0.13851,2020-03-20,,0,721944.0,True,city,SP,2020-03-23 11:12:38.110144
São Paulo,50308.0,358,2.92197,2020-03-20,0.0251,9,12252023.0,True,city,SP,2020-03-23 11:12:38.110144
Suzano,52502.0,1,0.33598,2020-03-20,,0,297637.0,True,city,SP,2020-03-23 11:12:38.110144
,35.0,396,0.86239,2020-03-20,0.0227,9,45919049.0,False,state,SP,2020-03-23 11:12:38.110144
Rio Branco,401.0,4,0.98203,2020-03-19,,0,407319.0,False,city,AC,2020-03-23 11:12:38.110144
,12.0,4,0.45355,2020-03-19,,0,881935.0,False,state,AC,2020-03-23 11:12:38.110144
Maceió,4302.0,4,0.39256,2020-03-19,,0,1018948.0,False,city,AL,2020-03-23 11:12:38.110144
,27.0,4,0.11986,2020-03-19,,0,3337357.0,False,state,AL,2020-03-23 11:12:38.110144
Feira de Santana,10800.0,5,0.81318,2020-03-19,,0,614872.0,False,city,BA,2020-03-23 11:12:38.110144
Itabuna,14802.0,1,0.46899,2020-03-19,,0,213223.0,False,city,BA,2020-03-23 11:12:38.110144
Lauro de Freitas,19207.0,2,1.00786,2020-03-19,,0,198440.0,False,city,BA,2020-03-23 11:12:38.110144
Porto Seguro,25303.0,4,2.69023,2020-03-19,,0,148686.0,False,city,BA,2020-03-23 11:12:38.110144
Prado,25501.0,1,3.54937,2020-03-19,,0,28174.0,False,city,BA,2020-03-23 11:12:38.110144
Salvador,27408.0,18,0.62667,2020-03-19,,0,2872347.0,False,city,BA,2020-03-23 11:12:38.110144
,29.0,31,0.20843,2020-03-19,,0,14873064.0,False,state,BA,2020-03-23 11:12:38.110144
Importados,,1,,2020-03-19,,0,,False,city,CE,2020-03-23 11:12:38.110144
,23.0,24,0.26281,2020-03-19,,0,9132078.0,False,state,CE,2020-03-23 11:12:38.110144
Brasília,108.0,42,1.39291,2020-03-19,,0,3015268.0,False,city,DF,2020-03-23 11:12:38.110144
,53.0,42,1.39291,2020-03-19,,0,3015268.0,False,state,DF,2020-03-23 11:12:38.110144
Linhares,3205.0,1,0.57619,2020-03-19,,0,173555.0,False,city,ES,2020-03-23 11:12:38.110144
Vila Velha,5200.0,7,1.41747,2020-03-19,,0,493838.0,False,city,ES,2020-03-23 11:12:38.110144
Vitória,5309.0,5,1.38085,2020-03-19,,0,362097.0,False,city,ES,2020-03-23 11:12:38.110144
,32.0,13,0.32349,2020-03-19,,0,4018650.0,False,state,ES,2020-03-23 11:12:38.110144
Anápolis,1108.0,2,0.5169,2020-03-19,,0,386923.0,False,city,GO,2020-03-23 11:12:38.110144
Aparecida de Goiânia,1405.0,1,0.17296,2020-03-19,,0,578179.0,False,city,GO,2020-03-23 11:12:38.110144
Goiânia,8707.0,7,0.46171,2020-03-19,,0,1516113.0,False,city,GO,2020-03-23 11:12:38.110144
Importados,,1,,2020-03-19,,0,,False,city,GO,2020-03-23 11:12:38.110144
Jataí,11909.0,1,0.99126,2020-03-19,,0,100882.0,False,city,GO,2020-03-23 11:12:38.110144
Rio Verde,18805.0,3,1.27309,2020-03-19,,0,235647.0,False,city,GO,2020-03-23 11:12:38.110144
,52.0,15,0.21373,2020-03-19,,0,7018354.0,False,state,GO,2020-03-23 11:12:38.110144
Belo Horizonte,6200.0,18,0.71654,2020-03-19,,0,2512070.0,False,city,MG,2020-03-23 11:12:38.110144
Coronel Fabriciano,19401.0,1,0.91029,2020-03-19,,0,109855.0,False,city,MG,2020-03-23 11:12:38.110144
Divinópolis,22306.0,1,0.41976,2020-03-19,,0,238230.0,False,city,MG,2020-03-23 11:12:38.110144
Ipatinga,31307.0,1,0.37964,2020-03-19,,0,263410.0,False,city,MG,2020-03-23 11:12:38.110144
Juiz de Fora,36702.0,2,0.35157,2020-03-19,,0,568873.0,False,city,MG,2020-03-23 11:12:38.110144
Nova Lima,44805.0,2,2.10773,2020-03-19,,0,94889.0,False,city,MG,2020-03-23 11:12:38.110144
Patrocínio,48103.0,1,1.10184,2020-03-19,,0,90757.0,False,city,MG,2020-03-23 11:12:38.110144
Sete Lagoas,67202.0,1,0.41729,2020-03-19,,0,239639.0,False,city,MG,2020-03-23 11:12:38.110144
Uberlândia,70206.0,2,0.28931,2020-03-19,,0,691305.0,False,city,MG,2020-03-23 11:12:38.110144
,31.0,29,0.13699,2020-03-19,,0,21168791.0,False,state,MG,2020-03-23 11:12:38.110144
Campo Grande,2704.0,8,0.89288,2020-03-19,,0,895982.0,False,city,MS,2020-03-23 11:12:38.110144
Sidrolândia,7901.0,1,1.73415,2020-03-19,,0,57665.0,False,city,MS,2020-03-23 11:12:38.110144
,50.0,9,0.32386,2020-03-19,,0,2778986.0,False,state,MS,2020-03-23 11:12:38.110144
João Pessoa,7507.0,1,0.12361,2020-03-19,,0,809015.0,False,city,PB,2020-03-23 11:12:38.110144
,25.0,1,0.02489,2020-03-19,,0,4018127.0,False,state,PB,2020-03-23 11:12:38.110144
,26.0,28,0.29298,2020-03-19,,0,9557071.0,False,state,PE,2020-03-23 11:12:38.110144
Teresina,11001.0,3,0.34688,2020-03-19,,0,864845.0,False,city,PI,2020-03-23 11:12:38.110144
,22.0,3,0.09165,2020-03-19,,0,3273227.0,False,state,PI,2020-03-23 11:12:38.110144
Campo Largo,4204.0,1,0.75756,2020-03-19,,0,132002.0,False,city,PR,2020-03-23 11:12:38.110144
Cianorte,5508.0,2,2.42072,2020-03-19,,0,82620.0,False,city,PR,2020-03-23 11:12:38.110144
Curitiba,6902.0,17,0.87941,2020-03-19,,0,1933105.0,False,city,PR,2020-03-23 11:12:38.110144
Foz do Iguaçu,8304.0,1,0.3868,2020-03-19,,0,258532.0,False,city,PR,2020-03-23 11:12:38.110144
Londrina,13700.0,1,0.17552,2020-03-19,,0,569733.0,False,city,PR,2020-03-23 11:12:38.110144
Maringá,15200.0,1,0.23603,2020-03-19,,0,423666.0,False,city,PR,2020-03-23 11:12:38.110144
,41.0,23,0.20116,2020-03-19,,0,11433957.0,False,state,PR,2020-03-23 11:12:38.110144
Barra Mansa,407.0,1,0.54226,2020-03-19,,0,184412.0,False,city,RJ,2020-03-23 11:12:38.110144
Guapimirim,1850.0,1,1.65243,2020-03-19,,0,60517.0,False,city,RJ,2020-03-23 11:12:38.110144
Miguel Pereira,2908.0,1,3.91573,2020-03-19,1.0,1,25538.0,False,city,RJ,2020-03-23 11:12:38.110144
Niterói,3302.0,7,1.36297,2020-03-19,0.1429,1,513584.0,False,city,RJ,2020-03-23 11:12:38.110144
Rio de Janeiro,4557.0,56,0.83347,2020-03-19,,0,6718903.0,False,city,RJ,2020-03-23 11:12:38.110144
,33.0,66,0.38228,2020-03-19,0.0303,2,17264943.0,False,state,RJ,2020-03-23 11:12:38.110144
Alvorada,604.0,1,0.4755,2020-03-19,,0,210305.0,False,city,RS,2020-03-23 11:12:38.110144
Bagé,1602.0,2,1.65094,2020-03-19,,0,121143.0,False,city,RS,2020-03-23 11:12:38.110144
Campo Bom,3905.0,2,2.99796,2020-03-19,,0,66712.0,False,city,RS,2020-03-23 11:12:38.110144
Caxias do Sul,5108.0,2,0.39146,2020-03-19,,0,510906.0,False,city,RS,2020-03-23 11:12:38.110144
Erechim,7005.0,1,0.94463,2020-03-19,,0,105862.0,False,city,RS,2020-03-23 11:12:38.110144
Farroupilha,7906.0,1,1.38253,2020-03-19,,0,72331.0,False,city,RS,2020-03-23 11:12:38.110144
Porto Alegre,14902.0,20,1.34792,2020-03-19,,0,1483771.0,False,city,RS,2020-03-23 11:12:38.110144
Serafina Corrêa,20404.0,1,5.71363,2020-03-19,,0,17502.0,False,city,RS,2020-03-23 11:12:38.110144
Torres,21501.0,1,2.58184,2020-03-19,,0,38732.0,False,city,RS,2020-03-23 11:12:38.110144
,43.0,31,0.27247,2020-03-19,,0,11377239.0,False,state,RS,2020-03-23 11:12:38.110144
Balneário Camboriú,2008.0,4,2.81106,2020-03-19,,0,142295.0,False,city,SC,2020-03-23 11:12:38.110144
Braço do Norte,2800.0,4,11.95815,2020-03-19,,0,33450.0,False,city,SC,2020-03-23 11:12:38.110144
Florianópolis,5407.0,6,1.19767,2020-03-19,,0,500973.0,False,city,SC,2020-03-23 11:12:38.110144
Joinville,9102.0,2,0.33872,2020-03-19,,0,590466.0,False,city,SC,2020-03-23 11:12:38.110144
Rancho Queimado,14300.0,2,69.4927,2020-03-19,,0,2878.0,False,city,SC,2020-03-23 11:12:38.110144
São José,16602.0,1,0.40554,2020-03-19,,0,246586.0,False,city,SC,2020-03-23 11:12:38.110144
Tubarão,18707.0,2,1.8924,2020-03-19,,0,105686.0,False,city,SC,2020-03-23 11:12:38.110144
,42.0,21,0.2931,2020-03-19,,0,7164788.0,False,state,SC,2020-03-23 11:12:38.110144
Barueri,5708.0,1,0.36472,2020-03-19,,0,274182.0,False,city,SP,2020-03-23 11:12:38.110144
Campinas,9502.0,1,0.08305,2020-03-19,,0,1204073.0,False,city,SP,2020-03-23 11:12:38.110144
Carapicuíba,10609.0,2,0.49884,2020-03-19,,0,400927.0,False,city,SP,2020-03-23 11:12:38.110144
Cotia,13009.0,2,0.80254,2020-03-19,,0,249210.0,False,city,SP,2020-03-23 11:12:38.110144
Ferraz de Vasconcelos,15707.0,1,0.51473,2020-03-19,,0,194276.0,False,city,SP,2020-03-23 11:12:38.110144
Guarulhos,18800.0,1,0.07251,2020-03-19,,0,1379182.0,False,city,SP,2020-03-23 11:12:38.110144
Jaguariúna,24709.0,1,1.73949,2020-03-19,,0,57488.0,False,city,SP,2020-03-23 11:12:38.110144
Mauá,29401.0,1,0.21146,2020-03-19,,0,472912.0,False,city,SP,2020-03-23 11:12:38.110144
Santana de Parnaíba,47304.0,1,0.71712,2020-03-19,,0,139447.0,False,city,SP,2020-03-23 11:12:38.110144
Santo André,47809.0,2,0.27825,2020-03-19,,0,718773.0,False,city,SP,2020-03-23 11:12:38.110144
São Bernardo do Campo,48708.0,3,0.3576,2020-03-19,,0,838936.0,False,city,SP,2020-03-23 11:12:38.110144
São Caetano do Sul,48807.0,1,0.62063,2020-03-19,,0,161127.0,False,city,SP,2020-03-23 11:12:38.110144
São José do Rio Preto,49805.0,1,0.21707,2020-03-19,,0,460671.0,False,city,SP,2020-03-23 11:12:38.110144
São Paulo,50308.0,259,2.11394,2020-03-19,0.0039,1,12252023.0,False,city,SP,2020-03-23 11:12:38.110144
Suzano,52502.0,1,0.33598,2020-03-19,,0,297637.0,False,city,SP,2020-03-23 11:12:38.110144
Taubaté,54102.0,1,0.31754,2020-03-19,,0,314924.0,True,city,SP,2020-03-23 11:12:38.110144
Vargem Grande Paulista,56453.0,1,1.90125,2020-03-19,,0,52597.0,True,city,SP,2020-03-23 11:12:38.110144
,35.0,286,0.62284,2020-03-19,0.0175,5,45919049.0,False,state,SP,2020-03-23 11:12:38.110144
Rio Branco,401.0,3,0.73652,2020-03-18,,0,407319.0,False,city,AC,2020-03-23 11:12:38.110144
,12.0,3,0.34016,2020-03-18,,0,881935.0,False,state,AC,2020-03-23 11:12:38.110144
Maceió,4302.0,1,0.09814,2020-03-18,,0,1018948.0,False,city,AL,2020-03-23 11:12:38.110144
,27.0,1,0.02996,2020-03-18,,0,3337357.0,False,state,AL,2020-03-23 11:12:38.110144
Feira de Santana,10800.0,5,0.81318,2020-03-18,,0,614872.0,False,city,BA,2020-03-23 11:12:38.110144
Porto Seguro,25303.0,4,2.69023,2020-03-18,,0,148686.0,False,city,BA,2020-03-23 11:12:38.110144
Prado,25501.0,1,3.54937,2020-03-18,,0,28174.0,False,city,BA,2020-03-23 11:12:38.110144
Salvador,27408.0,17,0.59185,2020-03-18,,0,2872347.0,False,city,BA,2020-03-23 11:12:38.110144
,29.0,27,0.18154,2020-03-18,,0,14873064.0,False,state,BA,2020-03-23 11:12:38.110144
Aquiraz,1000.0,1,1.24578,2020-03-18,,0,80271.0,False,city,CE,2020-03-23 11:12:38.110144
Fortaleza,4400.0,17,0.63686,2020-03-18,,0,2669342.0,False,city,CE,2020-03-23 11:12:38.110144
Importados,,0,,2020-03-18,,1,,False,city,CE,2020-03-23 11:12:38.110144
Sobral,12908.0,1,0.47862,2020-03-18,,0,208935.0,False,city,CE,2020-03-23 11:12:38.110144
,23.0,20,0.21901,2020-03-18,,0,9132078.0,False,state,CE,2020-03-23 11:12:38.110144
Brasília,108.0,34,1.12759,2020-03-18,,0,3015268.0,False,city,DF,2020-03-23 11:12:38.110144
,53.0,34,1.12759,2020-03-18,,0,3015268.0,False,state,DF,2020-03-23 11:12:38.110144
,32.0,11,0.27372,2020-03-18,,0,4018650.0,False,state,ES,2020-03-23 11:12:38.110144
Anápolis,1108.0,2,0.5169,2020-03-18,,0,386923.0,False,city,GO,2020-03-23 11:12:38.110144
Aparecida de Goiânia,1405.0,1,0.17296,2020-03-18,,0,578179.0,False,city,GO,2020-03-23 11:12:38.110144
Goiânia,8707.0,5,0.32979,2020-03-18,,0,1516113.0,False,city,GO,2020-03-23 11:12:38.110144
Jataí,11909.0,1,0.99126,2020-03-18,,0,100882.0,False,city,GO,2020-03-23 11:12:38.110144
Rio Verde,18805.0,3,1.27309,2020-03-18,,0,235647.0,False,city,GO,2020-03-23 11:12:38.110144
,52.0,12,0.17098,2020-03-18,,0,7018354.0,False,state,GO,2020-03-23 11:12:38.110144
Belo Horizonte,6200.0,10,0.39808,2020-03-18,,0,2512070.0,False,city,MG,2020-03-23 11:12:38.110144
Coronel Fabriciano,19401.0,1,0.91029,2020-03-18,,0,109855.0,False,city,MG,2020-03-23 11:12:38.110144
Divinópolis,22306.0,1,0.41976,2020-03-18,,0,238230.0,False,city,MG,2020-03-23 11:12:38.110144
Ipatinga,31307.0,1,0.37964,2020-03-18,,0,263410.0,False,city,MG,2020-03-23 11:12:38.110144
Juiz de Fora,36702.0,2,0.35157,2020-03-18,,0,568873.0,False,city,MG,2020-03-23 11:12:38.110144
Nova Lima,44805.0,1,1.05386,2020-03-18,,0,94889.0,False,city,MG,2020-03-23 11:12:38.110144
Patrocínio,48103.0,1,1.10184,2020-03-18,,0,90757.0,False,city,MG,2020-03-23 11:12:38.110144
Sete Lagoas,67202.0,1,0.41729,2020-03-18,,0,239639.0,False,city,MG,2020-03-23 11:12:38.110144
Uberlândia,70206.0,1,0.14465,2020-03-18,,0,691305.0,False,city,MG,2020-03-23 11:12:38.110144
,31.0,19,0.08975,2020-03-18,,0,21168791.0,False,state,MG,2020-03-23 11:12:38.110144
Campo Grande,2704.0,7,0.78127,2020-03-18,,0,895982.0,False,city,MS,2020-03-23 11:12:38.110144
,50.0,7,0.25189,2020-03-18,,0,2778986.0,False,state,MS,2020-03-23 11:12:38.110144
João Pessoa,7507.0,1,0.12361,2020-03-18,,0,809015.0,False,city,PB,2020-03-23 11:12:38.110144
,25.0,1,0.02489,2020-03-18,,0,4018127.0,False,state,PB,2020-03-23 11:12:38.110144
Belo Jardim,1706.0,1,1.30823,2020-03-18,,0,76439.0,False,city,PE,2020-03-23 11:12:38.110144
Importados,,3,,2020-03-18,,0,,False,city,PE,2020-03-23 11:12:38.110144
Jaboatão dos Guararapes,7901.0,1,0.14239,2020-03-18,,0,702298.0,False,city,PE,2020-03-23 11:12:38.110144
Recife,11606.0,14,0.85069,2020-03-18,,0,1645727.0,False,city,PE,2020-03-23 11:12:38.110144
,26.0,19,0.19881,2020-03-18,,0,9557071.0,False,state,PE,2020-03-23 11:12:38.110144
Campo Largo,4204.0,1,0.75756,2020-03-18,,0,132002.0,False,city,PR,2020-03-23 11:12:38.110144
Cianorte,5508.0,2,2.42072,2020-03-18,,0,82620.0,False,city,PR,2020-03-23 11:12:38.110144
Curitiba,6902.0,8,0.41384,2020-03-18,,0,1933105.0,False,city,PR,2020-03-23 11:12:38.110144
Foz do Iguaçu,8304.0,1,0.3868,2020-03-18,,0,258532.0,False,city,PR,2020-03-23 11:12:38.110144
Londrina,13700.0,1,0.17552,2020-03-18,,0,569733.0,False,city,PR,2020-03-23 11:12:38.110144
Maringá,15200.0,1,0.23603,2020-03-18,,0,423666.0,False,city,PR,2020-03-23 11:12:38.110144
,41.0,14,0.12244,2020-03-18,,0,11433957.0,False,state,PR,2020-03-23 11:12:38.110144
Barra Mansa,407.0,1,0.54226,2020-03-18,,0,184412.0,False,city,RJ,2020-03-23 11:12:38.110144
Guapimirim,1850.0,1,1.65243,2020-03-18,,0,60517.0,False,city,RJ,2020-03-23 11:12:38.110144
Niterói,3302.0,6,1.16826,2020-03-18,,0,513584.0,False,city,RJ,2020-03-23 11:12:38.110144
Rio de Janeiro,4557.0,55,0.81859,2020-03-18,,0,6718903.0,False,city,RJ,2020-03-23 11:12:38.110144
,33.0,63,0.3649,2020-03-18,,0,17264943.0,False,state,RJ,2020-03-23 11:12:38.110144
Natal,8102.0,1,0.11311,2020-03-18,,0,884122.0,False,city,RN,2020-03-23 11:12:38.110144
,24.0,1,0.02852,2020-03-18,,0,3506853.0,False,state,RN,2020-03-23 11:12:38.110144
Campo Bom,3905.0,1,1.49898,2020-03-18,,0,66712.0,False,city,RS,2020-03-23 11:12:38.110144
Caxias do Sul,5108.0,2,0.39146,2020-03-18,,0,510906.0,False,city,RS,2020-03-23 11:12:38.110144
Porto Alegre,14902.0,15,1.01094,2020-03-18,,0,1483771.0,False,city,RS,2020-03-23 11:12:38.110144
Serafina Corrêa,20404.0,1,5.71363,2020-03-18,,0,17502.0,False,city,RS,2020-03-23 11:12:38.110144
,43.0,19,0.167,2020-03-18,,0,11377239.0,False,state,RS,2020-03-23 11:12:38.110144
Balneário Camboriú,2008.0,2,1.40553,2020-03-18,,0,142295.0,False,city,SC,2020-03-23 11:12:38.110144
Braço do Norte,2800.0,2,5.97907,2020-03-18,,0,33450.0,False,city,SC,2020-03-23 11:12:38.110144
Florianópolis,5407.0,5,0.99806,2020-03-18,,0,500973.0,False,city,SC,2020-03-23 11:12:38.110144
Joinville,9102.0,1,0.16936,2020-03-18,,0,590466.0,False,city,SC,2020-03-23 11:12:38.110144
Rancho Queimado,14300.0,2,69.4927,2020-03-18,,0,2878.0,False,city,SC,2020-03-23 11:12:38.110144
Tubarão,18707.0,2,1.8924,2020-03-18,,0,105686.0,False,city,SC,2020-03-23 11:12:38.110144
,42.0,14,0.1954,2020-03-18,,0,7164788.0,False,state,SC,2020-03-23 11:12:38.110144
Propriá,5703.0,1,3.37541,2020-03-18,,0,29626.0,False,city,SE,2020-03-23 11:12:38.110144
,28.0,6,0.26102,2020-03-18,,0,2298696.0,False,state,SE,2020-03-23 11:12:38.110144
Barueri,5708.0,1,0.36472,2020-03-18,,0,274182.0,False,city,SP,2020-03-23 11:12:38.110144
Campinas,9502.0,1,0.08305,2020-03-18,,0,1204073.0,False,city,SP,2020-03-23 11:12:38.110144
Cotia,13009.0,1,0.40127,2020-03-18,,0,249210.0,False,city,SP,2020-03-23 11:12:38.110144
Ferraz de Vasconcelos,15707.0,1,0.51473,2020-03-18,,0,194276.0,False,city,SP,2020-03-23 11:12:38.110144
Guarulhos,18800.0,1,0.07251,2020-03-18,,0,1379182.0,False,city,SP,2020-03-23 11:12:38.110144
Jaguariúna,24709.0,1,1.73949,2020-03-18,,0,57488.0,False,city,SP,2020-03-23 11:12:38.110144
Mauá,29401.0,1,0.21146,2020-03-18,,0,472912.0,False,city,SP,2020-03-23 11:12:38.110144
Osasco,34401.0,1,0.14318,2020-03-18,,0,698418.0,False,city,SP,2020-03-23 11:12:38.110144
Santana de Parnaíba,47304.0,1,0.71712,2020-03-18,,0,139447.0,False,city,SP,2020-03-23 11:12:38.110144
Santo André,47809.0,6,0.83476,2020-03-18,,0,718773.0,False,city,SP,2020-03-23 11:12:38.110144
São Bernardo do Campo,48708.0,3,0.3576,2020-03-18,,0,838936.0,False,city,SP,2020-03-23 11:12:38.110144
São Caetano do Sul,48807.0,6,3.72377,2020-03-18,,0,161127.0,False,city,SP,2020-03-23 11:12:38.110144
São José do Rio Preto,49805.0,1,0.21707,2020-03-18,,0,460671.0,False,city,SP,2020-03-23 11:12:38.110144
São José dos Campos,49904.0,1,0.13851,2020-03-18,,0,721944.0,False,city,SP,2020-03-23 11:12:38.110144
São Paulo,50308.0,214,1.74665,2020-03-18,,0,12252023.0,False,city,SP,2020-03-23 11:12:38.110144
,35.0,240,0.52266,2020-03-18,0.0125,3,45919049.0,False,state,SP,2020-03-23 11:12:38.110144
Rio Branco,401.0,3,0.73652,2020-03-17,,0,407319.0,False,city,AC,2020-03-23 11:12:38.110144
,12.0,3,0.34016,2020-03-17,,0,881935.0,False,state,AC,2020-03-23 11:12:38.110144
Maceió,4302.0,1,0.09814,2020-03-17,,0,1018948.0,False,city,AL,2020-03-23 11:12:38.110144
,27.0,1,0.02996,2020-03-17,,0,3337357.0,False,state,AL,2020-03-23 11:12:38.110144
Feira de Santana,10800.0,5,0.81318,2020-03-17,,0,614872.0,False,city,BA,2020-03-23 11:12:38.110144
Porto Seguro,25303.0,3,2.01767,2020-03-17,,0,148686.0,False,city,BA,2020-03-23 11:12:38.110144
Prado,25501.0,1,3.54937,2020-03-17,,0,28174.0,False,city,BA,2020-03-23 11:12:38.110144
Salvador,27408.0,5,0.17407,2020-03-17,,0,2872347.0,False,city,BA,2020-03-23 11:12:38.110144
,29.0,14,0.09413,2020-03-17,,0,14873064.0,False,state,BA,2020-03-23 11:12:38.110144
Aquiraz,1000.0,1,1.24578,2020-03-17,,0,80271.0,False,city,CE,2020-03-23 11:12:38.110144
Fortaleza,4400.0,9,0.33716,2020-03-17,,0,2669342.0,False,city,CE,2020-03-23 11:12:38.110144
Importados,,1,,2020-03-17,,0,,False,city,CE,2020-03-23 11:12:38.110144
,23.0,11,0.12045,2020-03-17,,0,9132078.0,False,state,CE,2020-03-23 11:12:38.110144
,32.0,8,0.19907,2020-03-17,,0,4018650.0,False,state,ES,2020-03-23 11:12:38.110144
Anápolis,1108.0,2,0.5169,2020-03-17,,0,386923.0,False,city,GO,2020-03-23 11:12:38.110144
Goiânia,8707.0,5,0.32979,2020-03-17,,0,1516113.0,False,city,GO,2020-03-23 11:12:38.110144
Rio Verde,18805.0,3,1.27309,2020-03-17,,0,235647.0,False,city,GO,2020-03-23 11:12:38.110144
,52.0,10,0.14248,2020-03-17,,0,7018354.0,False,state,GO,2020-03-23 11:12:38.110144
Belo Horizonte,6200.0,5,0.19904,2020-03-17,,0,2512070.0,False,city,MG,2020-03-23 11:12:38.110144
Coronel Fabriciano,19401.0,1,0.91029,2020-03-17,,0,109855.0,False,city,MG,2020-03-23 11:12:38.110144
Divinópolis,22306.0,1,0.41976,2020-03-17,,0,238230.0,False,city,MG,2020-03-23 11:12:38.110144
Ipatinga,31307.0,1,0.37964,2020-03-17,,0,263410.0,False,city,MG,2020-03-23 11:12:38.110144
Juiz de Fora,36702.0,2,0.35157,2020-03-17,,0,568873.0,False,city,MG,2020-03-23 11:12:38.110144
Nova Lima,44805.0,1,1.05386,2020-03-17,,0,94889.0,False,city,MG,2020-03-23 11:12:38.110144
Patrocínio,48103.0,1,1.10184,2020-03-17,,0,90757.0,False,city,MG,2020-03-23 11:12:38.110144
Sete Lagoas,67202.0,1,0.41729,2020-03-17,,0,239639.0,False,city,MG,2020-03-23 11:12:38.110144
Uberlândia,70206.0,1,0.14465,2020-03-17,,0,691305.0,False,city,MG,2020-03-23 11:12:38.110144
,31.0,14,0.06614,2020-03-17,,0,21168791.0,False,state,MG,2020-03-23 11:12:38.110144
Campo Grande,2704.0,6,0.66966,2020-03-17,,0,895982.0,False,city,MS,2020-03-23 11:12:38.110144
,50.0,6,0.21591,2020-03-17,,0,2778986.0,False,state,MS,2020-03-23 11:12:38.110144
Belo Jardim,1706.0,1,1.30823,2020-03-17,,0,76439.0,False,city,PE,2020-03-23 11:12:38.110144
Importados,,2,,2020-03-17,,0,,False,city,PE,2020-03-23 11:12:38.110144
Jaboatão dos Guararapes,7901.0,2,0.28478,2020-03-17,,0,702298.0,False,city,PE,2020-03-23 11:12:38.110144
Recife,11606.0,13,0.78992,2020-03-17,,0,1645727.0,False,city,PE,2020-03-23 11:12:38.110144
,26.0,18,0.18834,2020-03-17,,0,9557071.0,False,state,PE,2020-03-23 11:12:38.110144
Campo Largo,4204.0,1,0.75756,2020-03-17,,0,132002.0,False,city,PR,2020-03-23 11:12:38.110144
Cianorte,5508.0,2,2.42072,2020-03-17,,0,82620.0,False,city,PR,2020-03-23 11:12:38.110144
Curitiba,6902.0,7,0.36211,2020-03-17,,0,1933105.0,False,city,PR,2020-03-23 11:12:38.110144
Londrina,13700.0,1,0.17552,2020-03-17,,0,569733.0,False,city,PR,2020-03-23 11:12:38.110144
Pinhais,19152.0,1,0.75668,2020-03-17,,0,132157.0,False,city,PR,2020-03-23 11:12:38.110144
,41.0,12,0.10495,2020-03-17,,0,11433957.0,False,state,PR,2020-03-23 11:12:38.110144
Braço do Norte,2800.0,1,2.98954,2020-03-17,,0,33450.0,False,city,SC,2020-03-23 11:12:38.110144
Florianópolis,5407.0,3,0.59883,2020-03-17,,0,500973.0,False,city,SC,2020-03-23 11:12:38.110144
Joinville,9102.0,1,0.16936,2020-03-17,,0,590466.0,False,city,SC,2020-03-23 11:12:38.110144
Rancho Queimado,14300.0,2,69.4927,2020-03-17,,0,2878.0,False,city,SC,2020-03-23 11:12:38.110144
,42.0,7,0.0977,2020-03-17,,0,7164788.0,False,state,SC,2020-03-23 11:12:38.110144
Carapicuíba,10609.0,1,0.24942,2020-03-17,,0,400927.0,False,city,SP,2020-03-23 11:12:38.110144
Ferraz de Vasconcelos,15707.0,1,0.51473,2020-03-17,,0,194276.0,False,city,SP,2020-03-23 11:12:38.110144
Guarulhos,18800.0,1,0.07251,2020-03-17,,0,1379182.0,False,city,SP,2020-03-23 11:12:38.110144
Mauá,29401.0,1,0.21146,2020-03-17,,0,472912.0,False,city,SP,2020-03-23 11:12:38.110144
Santana de Parnaíba,47304.0,1,0.71712,2020-03-17,,0,139447.0,False,city,SP,2020-03-23 11:12:38.110144
Santo André,47809.0,1,0.13913,2020-03-17,,0,718773.0,False,city,SP,2020-03-23 11:12:38.110144
São Bernardo do Campo,48708.0,1,0.1192,2020-03-17,,0,838936.0,False,city,SP,2020-03-23 11:12:38.110144
São Caetano do Sul,48807.0,1,0.62063,2020-03-17,,0,161127.0,False,city,SP,2020-03-23 11:12:38.110144
São Paulo,50308.0,156,1.27326,2020-03-17,0.0064,1,12252023.0,False,city,SP,2020-03-23 11:12:38.110144
,35.0,164,0.35715,2020-03-17,0.0061,1,45919049.0,False,state,SP,2020-03-23 11:12:38.110144
Maceió,4302.0,1,0.09814,2020-03-16,,0,1018948.0,False,city,AL,2020-03-23 11:12:38.110144
,27.0,1,0.02996,2020-03-16,,0,3337357.0,False,state,AL,2020-03-23 11:12:38.110144
Feira de Santana,10800.0,5,0.81318,2020-03-16,,0,614872.0,False,city,BA,2020-03-23 11:12:38.110144
Porto Seguro,25303.0,1,0.67256,2020-03-16,,0,148686.0,False,city,BA,2020-03-23 11:12:38.110144
Salvador,27408.0,4,0.13926,2020-03-16,,0,2872347.0,False,city,BA,2020-03-23 11:12:38.110144
,29.0,10,0.06724,2020-03-16,,0,14873064.0,False,state,BA,2020-03-23 11:12:38.110144
Aquiraz,1000.0,1,1.24578,2020-03-16,,0,80271.0,False,city,CE,2020-03-23 11:12:38.110144
Fortaleza,4400.0,8,0.2997,2020-03-16,,0,2669342.0,False,city,CE,2020-03-23 11:12:38.110144
,23.0,9,0.09855,2020-03-16,,0,9132078.0,False,state,CE,2020-03-23 11:12:38.110144
Brasília,108.0,19,0.63013,2020-03-16,,0,3015268.0,False,city,DF,2020-03-23 11:12:38.110144
,53.0,19,0.63013,2020-03-16,,0,3015268.0,False,state,DF,2020-03-23 11:12:38.110144
,32.0,8,0.19907,2020-03-16,,0,4018650.0,False,state,ES,2020-03-23 11:12:38.110144
Anápolis,1108.0,2,0.5169,2020-03-16,,0,386923.0,False,city,GO,2020-03-23 11:12:38.110144
Goiânia,8707.0,5,0.32979,2020-03-16,,0,1516113.0,False,city,GO,2020-03-23 11:12:38.110144
Rio Verde,18805.0,2,0.84873,2020-03-16,,0,235647.0,False,city,GO,2020-03-23 11:12:38.110144
,52.0,9,0.12824,2020-03-16,,0,7018354.0,False,state,GO,2020-03-23 11:12:38.110144
Belo Horizonte,6200.0,1,0.03981,2020-03-16,,0,2512070.0,False,city,MG,2020-03-23 11:12:38.110144
Divinópolis,22306.0,1,0.41976,2020-03-16,,0,238230.0,False,city,MG,2020-03-23 11:12:38.110144
Ipatinga,31307.0,1,0.37964,2020-03-16,,0,263410.0,False,city,MG,2020-03-23 11:12:38.110144
Juiz de Fora,36702.0,2,0.35157,2020-03-16,,0,568873.0,False,city,MG,2020-03-23 11:12:38.110144
Patrocínio,48103.0,1,1.10184,2020-03-16,,0,90757.0,False,city,MG,2020-03-23 11:12:38.110144
,31.0,6,0.02834,2020-03-16,,0,21168791.0,False,state,MG,2020-03-23 11:12:38.110144
Campo Grande,2704.0,4,0.44644,2020-03-16,,0,895982.0,False,city,MS,2020-03-23 11:12:38.110144
,50.0,4,0.14394,2020-03-16,,0,2778986.0,False,state,MS,2020-03-23 11:12:38.110144
Importados,,1,,2020-03-16,,0,,False,city,PE,2020-03-23 11:12:38.110144
Recife,11606.0,7,0.42534,2020-03-16,,0,1645727.0,False,city,PE,2020-03-23 11:12:38.110144
,26.0,8,0.08371,2020-03-16,,0,9557071.0,False,state,PE,2020-03-23 11:12:38.110144
Cianorte,5508.0,1,1.21036,2020-03-16,,0,82620.0,False,city,PR,2020-03-23 11:12:38.110144
Curitiba,6902.0,5,0.25865,2020-03-16,,0,1933105.0,False,city,PR,2020-03-23 11:12:38.110144
,41.0,6,0.05248,2020-03-16,,0,11433957.0,False,state,PR,2020-03-23 11:12:38.110144
Barra Mansa,407.0,1,0.54226,2020-03-16,,0,184412.0,False,city,RJ,2020-03-23 11:12:38.110144
Niterói,3302.0,1,0.19471,2020-03-16,,0,513584.0,False,city,RJ,2020-03-23 11:12:38.110144
Rio de Janeiro,4557.0,23,0.34232,2020-03-16,,0,6718903.0,False,city,RJ,2020-03-23 11:12:38.110144
,33.0,25,0.1448,2020-03-16,,0,17264943.0,False,state,RJ,2020-03-23 11:12:38.110144
Natal,8102.0,1,0.11311,2020-03-16,,0,884122.0,False,city,RN,2020-03-23 11:12:38.110144
,24.0,1,0.02852,2020-03-16,,0,3506853.0,False,state,RN,2020-03-23 11:12:38.110144
Campo Bom,3905.0,1,1.49898,2020-03-16,,0,66712.0,False,city,RS,2020-03-23 11:12:38.110144
Caxias do Sul,5108.0,1,0.19573,2020-03-16,,0,510906.0,False,city,RS,2020-03-23 11:12:38.110144
Porto Alegre,14902.0,6,0.40438,2020-03-16,,0,1483771.0,False,city,RS,2020-03-23 11:12:38.110144
,43.0,8,0.07032,2020-03-16,,0,11377239.0,False,state,RS,2020-03-23 11:12:38.110144
Braço do Norte,2800.0,1,2.98954,2020-03-16,,0,33450.0,False,city,SC,2020-03-23 11:12:38.110144
Florianópolis,5407.0,3,0.59883,2020-03-16,,0,500973.0,False,city,SC,2020-03-23 11:12:38.110144
Joinville,9102.0,1,0.16936,2020-03-16,,0,590466.0,False,city,SC,2020-03-23 11:12:38.110144
Rancho Queimado,14300.0,2,69.4927,2020-03-16,,0,2878.0,False,city,SC,2020-03-23 11:12:38.110144
,42.0,7,0.0977,2020-03-16,,0,7164788.0,False,state,SC,2020-03-23 11:12:38.110144
Aracaju,308.0,5,0.76102,2020-03-16,,0,657013.0,False,city,SE,2020-03-23 11:12:38.110144
,28.0,5,0.21751,2020-03-16,,0,2298696.0,False,state,SE,2020-03-23 11:12:38.110144
Feira de Santana,10800.0,5,0.81318,2020-03-15,,0,614872.0,False,city,BA,2020-03-23 11:12:38.110144
Salvador,27408.0,4,0.13926,2020-03-15,,0,2872347.0,False,city,BA,2020-03-23 11:12:38.110144
,29.0,9,0.06051,2020-03-15,,0,14873064.0,False,state,BA,2020-03-23 11:12:38.110144
Brasília,108.0,14,0.4643,2020-03-15,,0,3015268.0,False,city,DF,2020-03-23 11:12:38.110144
,53.0,14,0.4643,2020-03-15,,0,3015268.0,False,state,DF,2020-03-23 11:12:38.110144
,32.0,4,0.09954,2020-03-15,,0,4018650.0,False,state,ES,2020-03-23 11:12:38.110144
Goiânia,8707.0,3,0.19787,2020-03-15,,0,1516113.0,False,city,GO,2020-03-23 11:12:38.110144
Rio Verde,18805.0,1,0.42436,2020-03-15,,0,235647.0,False,city,GO,2020-03-23 11:12:38.110144
,52.0,4,0.05699,2020-03-15,,0,7018354.0,False,state,GO,2020-03-23 11:12:38.110144
Campo Grande,2704.0,2,0.22322,2020-03-15,,0,895982.0,False,city,MS,2020-03-23 11:12:38.110144
,50.0,2,0.07197,2020-03-15,,0,2778986.0,False,state,MS,2020-03-23 11:12:38.110144
Barra Mansa,407.0,1,0.54226,2020-03-15,,0,184412.0,False,city,RJ,2020-03-23 11:12:38.110144
Niterói,3302.0,1,0.19471,2020-03-15,,0,513584.0,False,city,RJ,2020-03-23 11:12:38.110144
Rio de Janeiro,4557.0,22,0.32743,2020-03-15,,0,6718903.0,False,city,RJ,2020-03-23 11:12:38.110144
,33.0,24,0.13901,2020-03-15,,0,17264943.0,False,state,RJ,2020-03-23 11:12:38.110144
Braço do Norte,2800.0,1,2.98954,2020-03-15,,0,33450.0,False,city,SC,2020-03-23 11:12:38.110144
Florianópolis,5407.0,2,0.39922,2020-03-15,,0,500973.0,False,city,SC,2020-03-23 11:12:38.110144
Joinville,9102.0,1,0.16936,2020-03-15,,0,590466.0,False,city,SC,2020-03-23 11:12:38.110144
Rancho Queimado,14300.0,2,69.4927,2020-03-15,,0,2878.0,False,city,SC,2020-03-23 11:12:38.110144
,42.0,6,0.08374,2020-03-15,,0,7164788.0,False,state,SC,2020-03-23 11:12:38.110144
Brasília,108.0,8,0.26532,2020-03-14,,0,3015268.0,False,city,DF,2020-03-23 11:12:38.110144
,53.0,8,0.26532,2020-03-14,,0,3015268.0,False,state,DF,2020-03-23 11:12:38.110144
,32.0,4,0.09954,2020-03-14,,0,4018650.0,False,state,ES,2020-03-23 11:12:38.110144
Goiânia,8707.0,3,0.19787,2020-03-14,,0,1516113.0,False,city,GO,2020-03-23 11:12:38.110144
Rio Verde,18805.0,1,0.42436,2020-03-14,,0,235647.0,False,city,GO,2020-03-23 11:12:38.110144
,52.0,4,0.05699,2020-03-14,,0,7018354.0,False,state,GO,2020-03-23 11:12:38.110144
Divinópolis,22306.0,1,0.41976,2020-03-14,,0,238230.0,False,city,MG,2020-03-23 11:12:38.110144
Ipatinga,31307.0,1,0.37964,2020-03-14,,0,263410.0,False,city,MG,2020-03-23 11:12:38.110144
Juiz de Fora,36702.0,1,0.17579,2020-03-14,,0,568873.0,False,city,MG,2020-03-23 11:12:38.110144
Patrocínio,48103.0,1,1.10184,2020-03-14,,0,90757.0,False,city,MG,2020-03-23 11:12:38.110144
,31.0,4,0.0189,2020-03-14,,0,21168791.0,False,state,MG,2020-03-23 11:12:38.110144
Campo Grande,2704.0,2,0.22322,2020-03-14,,0,895982.0,False,city,MS,2020-03-23 11:12:38.110144
,50.0,2,0.07197,2020-03-14,,0,2778986.0,False,state,MS,2020-03-23 11:12:38.110144
Florianópolis,5407.0,2,0.39922,2020-03-14,,0,500973.0,False,city,SC,2020-03-23 11:12:38.110144
Joinville,9102.0,1,0.16936,2020-03-14,,0,590466.0,False,city,SC,2020-03-23 11:12:38.110144
Rancho Queimado,14300.0,2,69.4927,2020-03-14,,0,2878.0,False,city,SC,2020-03-23 11:12:38.110144
,42.0,5,0.06979,2020-03-14,,0,7164788.0,False,state,SC,2020-03-23 11:12:38.110144
Aracaju,308.0,1,0.1522,2020-03-14,,0,657013.0,False,city,SE,2020-03-23 11:12:38.110144
,28.0,1,0.0435,2020-03-14,,0,2298696.0,False,state,SE,2020-03-23 11:12:38.110144
Carapicuíba,10609.0,1,0.24942,2020-03-14,,0,400927.0,False,city,SP,2020-03-23 11:12:38.110144
Ferraz de Vasconcelos,15707.0,1,0.51473,2020-03-14,,0,194276.0,False,city,SP,2020-03-23 11:12:38.110144
Santana de Parnaíba,47304.0,1,0.71712,2020-03-14,,0,139447.0,False,city,SP,2020-03-23 11:12:38.110144
São Paulo,50308.0,62,0.50604,2020-03-14,,0,12252023.0,False,city,SP,2020-03-23 11:12:38.110144
,35.0,65,0.14155,2020-03-14,,0,45919049.0,False,state,SP,2020-03-23 11:12:38.110144
Maceió,4302.0,1,0.09814,2020-03-13,,0,1018948.0,False,city,AL,2020-03-23 11:12:38.110144
,27.0,1,0.02996,2020-03-13,,0,3337357.0,False,state,AL,2020-03-23 11:12:38.110144
Feira de Santana,10800.0,4,0.65054,2020-03-13,,0,614872.0,False,city,BA,2020-03-23 11:12:38.110144
Salvador,27408.0,3,0.10444,2020-03-13,,0,2872347.0,False,city,BA,2020-03-23 11:12:38.110144
,29.0,7,0.04706,2020-03-13,,0,14873064.0,False,state,BA,2020-03-23 11:12:38.110144
Brasília,108.0,2,0.06633,2020-03-13,,0,3015268.0,False,city,DF,2020-03-23 11:12:38.110144
,53.0,2,0.06633,2020-03-13,,0,3015268.0,False,state,DF,2020-03-23 11:12:38.110144
,32.0,2,0.04977,2020-03-13,,0,4018650.0,False,state,ES,2020-03-23 11:12:38.110144
Goiânia,8707.0,2,0.13192,2020-03-13,,0,1516113.0,False,city,GO,2020-03-23 11:12:38.110144
Rio Verde,18805.0,1,0.42436,2020-03-13,,0,235647.0,False,city,GO,2020-03-23 11:12:38.110144
,52.0,3,0.04275,2020-03-13,,0,7018354.0,False,state,GO,2020-03-23 11:12:38.110144
Divinópolis,22306.0,1,0.41976,2020-03-13,,0,238230.0,False,city,MG,2020-03-23 11:12:38.110144
Ipatinga,31307.0,1,0.37964,2020-03-13,,0,263410.0,False,city,MG,2020-03-23 11:12:38.110144
,31.0,2,0.00945,2020-03-13,,0,21168791.0,False,state,MG,2020-03-23 11:12:38.110144
Cianorte,5508.0,1,1.21036,2020-03-13,,0,82620.0,False,city,PR,2020-03-23 11:12:38.110144
Curitiba,6902.0,5,0.25865,2020-03-13,,0,1933105.0,False,city,PR,2020-03-23 11:12:38.110144
,41.0,6,0.05248,2020-03-13,,0,11433957.0,False,state,PR,2020-03-23 11:12:38.110144
Natal,8102.0,1,0.11311,2020-03-13,,0,884122.0,False,city,RN,2020-03-23 11:12:38.110144
,24.0,1,0.02852,2020-03-13,,0,3506853.0,False,state,RN,2020-03-23 11:12:38.110144
Campo Bom,3905.0,1,1.49898,2020-03-13,,0,66712.0,False,city,RS,2020-03-23 11:12:38.110144
Caxias do Sul,5108.0,1,0.19573,2020-03-13,,0,510906.0,False,city,RS,2020-03-23 11:12:38.110144
Porto Alegre,14902.0,2,0.13479,2020-03-13,,0,1483771.0,False,city,RS,2020-03-23 11:12:38.110144
,43.0,4,0.03516,2020-03-13,,0,11377239.0,False,state,RS,2020-03-23 11:12:38.110144
Florianópolis,5407.0,2,0.39922,2020-03-13,,0,500973.0,False,city,SC,2020-03-23 11:12:38.110144
Joinville,9102.0,1,0.16936,2020-03-13,,0,590466.0,False,city,SC,2020-03-23 11:12:38.110144
,42.0,3,0.04187,2020-03-13,,0,7164788.0,False,state,SC,2020-03-23 11:12:38.110144
Maceió,4302.0,1,0.09814,2020-03-12,,0,1018948.0,False,city,AL,2020-03-23 11:12:38.110144
,27.0,1,0.02996,2020-03-12,,0,3337357.0,False,state,AL,2020-03-23 11:12:38.110144
Feira de Santana,10800.0,3,0.48791,2020-03-12,,0,614872.0,False,city,BA,2020-03-23 11:12:38.110144
,29.0,3,0.02017,2020-03-12,,0,14873064.0,False,state,BA,2020-03-23 11:12:38.110144
Brasília,108.0,2,0.06633,2020-03-12,,0,3015268.0,False,city,DF,2020-03-23 11:12:38.110144
,53.0,2,0.06633,2020-03-12,,0,3015268.0,False,state,DF,2020-03-23 11:12:38.110144
,32.0,2,0.04977,2020-03-12,,0,4018650.0,False,state,ES,2020-03-23 11:12:38.110144
Goiânia,8707.0,2,0.13192,2020-03-12,,0,1516113.0,False,city,GO,2020-03-23 11:12:38.110144
Rio Verde,18805.0,1,0.42436,2020-03-12,,0,235647.0,False,city,GO,2020-03-23 11:12:38.110144
,52.0,3,0.04275,2020-03-12,,0,7018354.0,False,state,GO,2020-03-23 11:12:38.110144
Divinópolis,22306.0,1,0.41976,2020-03-12,,0,238230.0,False,city,MG,2020-03-23 11:12:38.110144
Ipatinga,31307.0,1,0.37964,2020-03-12,,0,263410.0,False,city,MG,2020-03-23 11:12:38.110144
,31.0,2,0.00945,2020-03-12,,0,21168791.0,False,state,MG,2020-03-23 11:12:38.110144
Recife,11606.0,2,0.12153,2020-03-12,,0,1645727.0,False,city,PE,2020-03-23 11:12:38.110144
,26.0,2,0.02093,2020-03-12,,0,9557071.0,False,state,PE,2020-03-23 11:12:38.110144
Cianorte,5508.0,1,1.21036,2020-03-12,,0,82620.0,False,city,PR,2020-03-23 11:12:38.110144
Curitiba,6902.0,5,0.25865,2020-03-12,,0,1933105.0,False,city,PR,2020-03-23 11:12:38.110144
,41.0,6,0.05248,2020-03-12,,0,11433957.0,False,state,PR,2020-03-23 11:12:38.110144
Barra Mansa,407.0,1,0.54226,2020-03-12,,0,184412.0,False,city,RJ,2020-03-23 11:12:38.110144
Niterói,3302.0,1,0.19471,2020-03-12,,0,513584.0,False,city,RJ,2020-03-23 11:12:38.110144
Rio de Janeiro,4557.0,13,0.19348,2020-03-12,,0,6718903.0,False,city,RJ,2020-03-23 11:12:38.110144
,33.0,15,0.08688,2020-03-12,,0,17264943.0,False,state,RJ,2020-03-23 11:12:38.110144
Natal,8102.0,1,0.11311,2020-03-12,,0,884122.0,False,city,RN,2020-03-23 11:12:38.110144
,24.0,1,0.02852,2020-03-12,,0,3506853.0,False,state,RN,2020-03-23 11:12:38.110144
Campo Bom,3905.0,1,1.49898,2020-03-12,,0,66712.0,False,city,RS,2020-03-23 11:12:38.110144
Caxias do Sul,5108.0,1,0.19573,2020-03-12,,0,510906.0,False,city,RS,2020-03-23 11:12:38.110144
Porto Alegre,14902.0,2,0.13479,2020-03-12,,0,1483771.0,False,city,RS,2020-03-23 11:12:38.110144
,43.0,4,0.03516,2020-03-12,,0,11377239.0,False,state,RS,2020-03-23 11:12:38.110144
Florianópolis,5407.0,2,0.39922,2020-03-12,,0,500973.0,False,city,SC,2020-03-23 11:12:38.110144
,42.0,2,0.02791,2020-03-12,,0,7164788.0,False,state,SC,2020-03-23 11:12:38.110144
Feira de Santana,10800.0,3,0.48791,2020-03-11,,0,614872.0,False,city,BA,2020-03-23 11:12:38.110144
,29.0,3,0.02017,2020-03-11,,0,14873064.0,False,state,BA,2020-03-23 11:12:38.110144
Brasília,108.0,2,0.06633,2020-03-11,,0,3015268.0,False,city,DF,2020-03-23 11:12:38.110144
,53.0,2,0.06633,2020-03-11,,0,3015268.0,False,state,DF,2020-03-23 11:12:38.110144
,32.0,1,0.02488,2020-03-11,,0,4018650.0,False,state,ES,2020-03-23 11:12:38.110144
Divinópolis,22306.0,1,0.41976,2020-03-11,,0,238230.0,False,city,MG,2020-03-23 11:12:38.110144
,31.0,1,0.00472,2020-03-11,,0,21168791.0,False,state,MG,2020-03-23 11:12:38.110144
Campo Bom,3905.0,1,1.49898,2020-03-11,,0,66712.0,False,city,RS,2020-03-23 11:12:38.110144
Porto Alegre,14902.0,1,0.0674,2020-03-11,,0,1483771.0,False,city,RS,2020-03-23 11:12:38.110144
,43.0,2,0.01758,2020-03-11,,0,11377239.0,False,state,RS,2020-03-23 11:12:38.110144
Maceió,4302.0,1,0.09814,2020-03-10,,0,1018948.0,False,city,AL,2020-03-23 11:12:38.110144
,27.0,1,0.02996,2020-03-10,,0,3337357.0,False,state,AL,2020-03-23 11:12:38.110144
Feira de Santana,10800.0,2,0.32527,2020-03-10,,0,614872.0,False,city,BA,2020-03-23 11:12:38.110144
,29.0,2,0.01345,2020-03-10,,0,14873064.0,False,state,BA,2020-03-23 11:12:38.110144
Brasília,108.0,1,0.03316,2020-03-10,,0,3015268.0,False,city,DF,2020-03-23 11:12:38.110144
,53.0,1,0.03316,2020-03-10,,0,3015268.0,False,state,DF,2020-03-23 11:12:38.110144
,32.0,1,0.02488,2020-03-10,,0,4018650.0,False,state,ES,2020-03-23 11:12:38.110144
Divinópolis,22306.0,1,0.41976,2020-03-10,,0,238230.0,False,city,MG,2020-03-23 11:12:38.110144
,31.0,1,0.00472,2020-03-10,,0,21168791.0,False,state,MG,2020-03-23 11:12:38.110144
Campo Bom,3905.0,1,1.49898,2020-03-10,,0,66712.0,False,city,RS,2020-03-23 11:12:38.110144
,43.0,1,0.00879,2020-03-10,,0,11377239.0,False,state,RS,2020-03-23 11:12:38.110144
Santana de Parnaíba,47304.0,1,0.71712,2020-03-10,,0,139447.0,False,city,SP,2020-03-23 11:12:38.110144
São Paulo,50308.0,18,0.14691,2020-03-10,,0,12252023.0,False,city,SP,2020-03-23 11:12:38.110144
,35.0,19,0.04138,2020-03-10,,0,45919049.0,False,state,SP,2020-03-23 11:12:38.110144
Maceió,4302.0,1,0.09814,2020-03-09,,0,1018948.0,False,city,AL,2020-03-23 11:12:38.110144
,27.0,1,0.02996,2020-03-09,,0,3337357.0,False,state,AL,2020-03-23 11:12:38.110144
Feira de Santana,10800.0,2,0.32527,2020-03-09,,0,614872.0,False,city,BA,2020-03-23 11:12:38.110144
,29.0,2,0.01345,2020-03-09,,0,14873064.0,False,state,BA,2020-03-23 11:12:38.110144
Brasília,108.0,1,0.03316,2020-03-09,,0,3015268.0,False,city,DF,2020-03-23 11:12:38.110144
,53.0,1,0.03316,2020-03-09,,0,3015268.0,False,state,DF,2020-03-23 11:12:38.110144
,32.0,1,0.02488,2020-03-09,,0,4018650.0,False,state,ES,2020-03-23 11:12:38.110144
Divinópolis,22306.0,1,0.41976,2020-03-09,,0,238230.0,False,city,MG,2020-03-23 11:12:38.110144
,31.0,1,0.00472,2020-03-09,,0,21168791.0,False,state,MG,2020-03-23 11:12:38.110144
Santana de Parnaíba,47304.0,1,0.71712,2020-03-09,,0,139447.0,False,city,SP,2020-03-23 11:12:38.110144
São Paulo,50308.0,15,0.12243,2020-03-09,,0,12252023.0,False,city,SP,2020-03-23 11:12:38.110144
,35.0,16,0.03484,2020-03-09,,0,45919049.0,False,state,SP,2020-03-23 11:12:38.110144
Maceió,4302.0,1,0.09814,2020-03-08,,0,1018948.0,False,city,AL,2020-03-23 11:12:38.110144
,27.0,1,0.02996,2020-03-08,,0,3337357.0,False,state,AL,2020-03-23 11:12:38.110144
Brasília,108.0,1,0.03316,2020-03-08,,0,3015268.0,False,city,DF,2020-03-23 11:12:38.110144
,53.0,1,0.03316,2020-03-08,,0,3015268.0,False,state,DF,2020-03-23 11:12:38.110144
,32.0,1,0.02488,2020-03-08,,0,4018650.0,False,state,ES,2020-03-23 11:12:38.110144
Divinópolis,22306.0,1,0.41976,2020-03-08,,0,238230.0,False,city,MG,2020-03-23 11:12:38.110144
,31.0,1,0.00472,2020-03-08,,0,21168791.0,False,state,MG,2020-03-23 11:12:38.110144
Barra Mansa,407.0,1,0.54226,2020-03-08,,0,184412.0,False,city,RJ,2020-03-23 11:12:38.110144
Rio de Janeiro,4557.0,2,0.02977,2020-03-08,,0,6718903.0,False,city,RJ,2020-03-23 11:12:38.110144
,33.0,3,0.01738,2020-03-08,,0,17264943.0,False,state,RJ,2020-03-23 11:12:38.110144
Santana de Parnaíba,47304.0,1,0.71712,2020-03-08,,0,139447.0,False,city,SP,2020-03-23 11:12:38.110144
São Paulo,50308.0,15,0.12243,2020-03-08,,0,12252023.0,False,city,SP,2020-03-23 11:12:38.110144
,35.0,16,0.03484,2020-03-08,,0,45919049.0,False,state,SP,2020-03-23 11:12:38.110144
Feira de Santana,10800.0,2,0.32527,2020-03-07,,0,614872.0,False,city,BA,2020-03-23 11:12:38.110144
,29.0,2,0.01345,2020-03-07,,0,14873064.0,False,state,BA,2020-03-23 11:12:38.110144
Brasília,108.0,1,0.03316,2020-03-07,,0,3015268.0,False,city,DF,2020-03-23 11:12:38.110144
,53.0,1,0.03316,2020-03-07,,0,3015268.0,False,state,DF,2020-03-23 11:12:38.110144
,32.0,1,0.02488,2020-03-07,,0,4018650.0,False,state,ES,2020-03-23 11:12:38.110144
Feira de Santana,10800.0,1,0.16264,2020-03-06,,0,614872.0,False,city,BA,2020-03-23 11:12:38.110144
,29.0,1,0.00672,2020-03-06,,0,14873064.0,False,state,BA,2020-03-23 11:12:38.110144
,32.0,1,0.02488,2020-03-06,,0,4018650.0,False,state,ES,2020-03-23 11:12:38.110144
Barra Mansa,407.0,1,0.54226,2020-03-06,,0,184412.0,False,city,RJ,2020-03-23 11:12:38.110144
Rio de Janeiro,4557.0,1,0.01488,2020-03-06,,0,6718903.0,False,city,RJ,2020-03-23 11:12:38.110144
,33.0,2,0.01158,2020-03-06,,0,17264943.0,False,state,RJ,2020-03-23 11:12:38.110144
,32.0,1,0.02488,2020-03-05,,0,4018650.0,False,state,ES,2020-03-23 11:12:38.110144
Barra Mansa,407.0,1,0.54226,2020-03-05,,0,184412.0,False,city,RJ,2020-03-23 11:12:38.110144
,33.0,1,0.00579,2020-03-05,,0,17264943.0,False,state,RJ,2020-03-23 11:12:38.110144
São Paulo,50308.0,1,0.00816,2020-02-26,,0,12252023.0,False,city,SP,2020-03-23 11:12:38.110144
,35.0,1,0.00218,2020-02-26,,0,45919049.0,False,state,SP,2020-03-23 11:12:38.110144
